14697,01AB002,1964.52,0,0,1964.52,0,1964.52
14697,01AH013,0,0,11118846.2,11118846.2,0,11118846.2
14697,01AH016,367573.39,0,0,367573.39,0,367573.39
14697,01AH023,25212611.66,0,0,25212611.66,2337146.68,22875464.98
14697,01AH070,2291293.32,0,0,2291293.32,1208301.05,1082992.27
14697,01AHE02,211149.25,0,0,211149.25,96411.58,114737.67
14697,01AT022,2272628.37,0,0,2272628.37,1343857.96,928770.41
14697,01AT027,1113.92,0,0,1113.92,0,1113.92
14697,01AT041,69451.88,0,0,69451.88,0,69451.88
14697,01AT048,20206.99,0,0,20206.99,0,20206.99
14697,01AT050,2761.19,0,0,2761.19,0,2761.19
14697,01AT051,86109.57,0,0,86109.57,0,86109.57
14697,01AT053,198571.31,0,0,198571.31,0,198571.31
14697,01AT058,235.17,0,37537.92,37773.09,0,37773.09
14697,01AT060,2690.49,0,0,2690.49,0,2690.49
14697,01AT069,31617.17,0,0,31617.17,6700.17,24917
14697,01AT075,0,33681.33,12827.26,46508.59,0,46508.59
14697,01AT076,0,0,717.77,717.77,0,717.77
14697,01AT145,22.43,0,0,22.43,0,22.43
14697,01AT146,1210.58,0,0,1210.58,0,1210.58
14697,01AT160,16215.34,0,100502.97,116718.31,0,116718.31
14697,01AT167,7506.71,0,0,7506.71,0,7506.71
14697,01AT190,0,0,528458.91,528458.91,0,528458.91
14697,01AT195,32628.21,0,0,32628.21,6964.44,25663.77
14697,01AT213,4104.28,0,0,4104.28,0,4104.28
14697,01AT222,2070.87,0,0,2070.87,0,2070.87
14697,01AT244,3.23,0,0,3.23,0,3.23
14697,01AT251,5534.32,0,0,5534.32,0,5534.32
14697,01AT300,22.1,0,0,22.1,0,22.1
14697,01AT312,276821.42,0,0,276821.42,0,276821.42
14697,01AT329,6053.43,0,0,6053.43,0,6053.43
14697,01AT330,42058.79,0,0,42058.79,0,42058.79
14697,01AT332,957.81,0,0,957.81,0,957.81
14697,01AT333,7736.55,0,0,7736.55,0,7736.55
14697,01AT364,2440.14,0,0,2440.14,0,2440.14
14697,01AT389,2111.63,0,0,2111.63,0,2111.63
14697,01AT398,2005.38,0,0,2005.38,0,2005.38
14697,01AT399,0,0,25628.88,25628.88,0,25628.88
14697,01AT403,150195.76,0,0,150195.76,46322.11,103873.65
14697,01AT409,39997.69,0,0,39997.69,7966.97,32030.72
14697,01AT412,1321.48,0,6412,7733.48,0,7733.48
14697,01AT416,344576.28,0,0,344576.28,24720,319856.28
14697,01AT422,100002.42,0,0,100002.42,17923.26,82079.16
14697,01AT423,484.49,0,0,484.49,0,484.49
14697,01AT433,47167.92,0,0,47167.92,0,47167.92
14697,01AT434,912.45,0,0,912.45,0,912.45
14697,01AT438,198019.78,0,0,198019.78,0,198019.78
14697,01AT442,629.27,0,0,629.27,44.54,584.73
14697,01AT458,1039.74,0,0,1039.74,0,1039.74
14697,01ATE09,14649.92,0,0,14649.92,0,14649.92
14697,01AX011,22919.7,0,0,22919.7,0,22919.7
14697,01AX023,178724.61,0,0,178724.61,0,178724.61
14697,01AX026,50000,0,0,50000,0,50000
14697,01AX027,2128.82,0,0,2128.82,0,2128.82
14697,01AX030,37606.01,0,0,37606.01,3249.54,34356.47
14697,01AX222,65735.75,0,0,65735.75,0,65735.75
14697,01AXE02,23664.82,0,0,23664.82,0,23664.82
14697,01AXE47,1045.11,0,0,1045.11,0,1045.11
14697,01BA019,0.69,0,0,0.69,0,0.69
14697,01BA021,899.81,0,0,899.81,178.8,721.01
14697,01BD001,461.04,0,0,461.04,0,461.04
14697,01BL002,46577.74,0,0,46577.74,10819.07,35758.67
14697,01BM001,1857701.37,0,0,1857701.37,496726.03,1360975.34
14697,01BM029,11.01,0,0,11.01,0,11.01
14697,01BU007,0,0,65382.24,65382.24,0,65382.24
14697,01BU011,100979.98,0,0,100979.98,0,100979.98
14697,01BUE2,1987.91,0,0,1987.91,0,1987.91
14697,01BV008,10800.96,0,0,10800.96,1893.44,8907.52
14697,01BW004,17472.5,0,6689.6,24162.1,0,24162.1
14697,01BW006,31319.32,0,0,31319.32,0,31319.32
14697,01BW007,19729.07,0,0,19729.07,0,19729.07
14697,01BW009,435905.13,0,0,435905.13,0,435905.13
14697,01BW010,115308.05,0,0,115308.05,0,115308.05
14697,01BW011,88504.47,0,0,88504.47,0,88504.47
14697,01BW012,30064.11,0,0,30064.11,0,30064.11
14697,01BW016,0.4,0,0,0.4,0,0.4
14697,01BW020,1338.41,0,0,1338.41,0,1338.41
14697,01BW022,16793.75,0,0,16793.75,0,16793.75
14697,01BWE03,6061.11,0,0,6061.11,0,6061.11
14697,01BZ002,23175.86,0,0,23175.86,0,23175.86
14697,01CA0119,0.12,0,0,0.12,0,0.12
14697,01CB002,0,0,270877.95,270877.95,0,270877.95
14697,01CF111,9850.06,0,0,9850.06,0,9850.06
14697,01CF112,1640.19,0,0,1640.19,0,1640.19
14697,01CF114,13582.93,0,0,13582.93,0,13582.93
14697,01CF13,255.58,0,0,255.58,39.91,215.67
14697,01CF135,4.18,0,0,4.18,0,4.18
14697,01CF15,1055.35,0,0,1055.35,0,1055.35
14697,01CF52,24589.73,0,0,24589.73,0,24589.73
14697,01CFAK1,40.4,0,0,40.4,0,40.4
14697,01CFAK13,649.75,0,0,649.75,0,649.75
14697,01CFAK6,147316.91,0,0,147316.91,0,147316.91
14697,01CFAK8,23752.91,0,0,23752.91,0,23752.91
14697,01CG51,1783.26,0,0,1783.26,0,1783.26
14697,01CG52,10291.41,0,0,10291.41,0,10291.41
14697,01CGE54,17725.09,0,0,17725.09,0,17725.09
14697,01CNE05,10337.37,0,0,10337.37,0,10337.37
14697,01CNE06,544.77,0,0,544.77,0,544.77
14697,01CNE23,817.55,0,0,817.55,0,817.55
14697,01CNE25,8643.32,0,0,8643.32,0,8643.32
14697,01CNE34,15847.77,0,0,15847.77,0,15847.77
14697,01CNE42,423753.66,0,0,423753.66,71987.52,351766.14
14697,01CNE82,13642.89,0,0,13642.89,0,13642.89
14697,01CNE83,171194.37,0,0,171194.37,0,171194.37
14697,01DA003,6492.35,0,0,6492.35,867.72,5624.63
14697,01DCE02,8.62,0,0,8.62,0,8.62
14697,01DM006,250751.76,0,0,250751.76,0,250751.76
14697,01DM013,30791.9,0,0,30791.9,0,30791.9
14697,01DME07,1800576.29,0,0,1800576.29,0,1800576.29
14697,01DME19,266403.45,0,0,266403.45,0,266403.45
14697,01DNE01,14.27,0,0,14.27,0,14.27
14697,01EQ001,7082561.93,0,31591.44,7114153.37,3737237.03,3376916.34
14697,01EQ002,1637208.02,0,0,1637208.02,0,1637208.02
14697,01EQ005,2590045.02,0,0,2590045.02,0,2590045.02
14697,01ET003,39813.37,0,0,39813.37,0,39813.37
14697,01FG002,26.95,0,0,26.95,0,26.95
14697,01FG016,1786.55,0,0,1786.55,0,1786.55
14697,01FG078,600,0,0,600,0,600
14697,01FGE02,12.49,0,0,12.49,0,12.49
14697,01FK001,0,0,41886.4,41886.4,0,41886.4
14697,01FK012,9084.98,0,0,9084.98,0,9084.98
14697,01FK036,9802.79,0,0,9802.79,0,9802.79
14697,01FK037,37467.69,0,0,37467.69,0,37467.69
14697,01FK039,0,0,70896.76,70896.76,0,70896.76
14697,01FK053,719.99,0,0,719.99,0,719.99
14697,01FK069,0.75,0,0,0.75,0,0.75
14697,01FK090,723.3,0,44240.74,44964.04,0,44964.04
14697,01FK091,3.3,0,0,3.3,0,3.3
14697,01FK094,75200.12,0,0,75200.12,0,75200.12
14697,01FK095,172.42,0,0,172.42,0,172.42
14697,01FK101,348.1,0,0,348.1,0,348.1
14697,01FK108,352.64,0,0,352.64,0,352.64
14697,01FK115,714822.78,0,0,714822.78,141763.16,573059.62
14697,01FK122,536.23,0,0,536.23,0,536.23
14697,01FO019,93.06,0,0,93.06,0,93.06
14697,01FYE01,101.4,0,0,101.4,0,101.4
14697,01GB001,94.74,0,0,94.74,0,94.74
14697,01GB004,57593.45,0,0,57593.45,10287.54,47305.91
14697,01GB007,145812.06,0,0,145812.06,22823.89,122988.17
14697,01GBE01,10934.84,0,0,10934.84,0,10934.84
14697,01GBE03,531.85,0,0,531.85,0,531.85
14697,01HC004,1572.12,0,0,1572.12,0,1572.12
14697,01HF001,47266.34,0,0,47266.34,4453.75,42812.59
14697,01HF002,17315.52,0,0,17315.52,2126.51,15189.01
14697,01KR019,5000,0,0,5000,808.52,4191.48
14697,01MH001,0,0,84830.1,84830.1,0,84830.1
14697,01MJE07,459300,0,0,459300,0,459300
14697,01MJE10,7122196.81,0,0,7122196.81,0,7122196.81
14697,01MJE11,2978460.2,0,0,2978460.2,0,2978460.2
14697,01MJE16,3149542.49,0,0,3149542.49,0,3149542.49
14697,01SD003,358.02,0,0,358.02,0,358.02
14697,01SD005,42492.92,0,0,42492.92,19355,23137.92
14697,01SK001,5208.49,0,0,5208.49,0,5208.49
14697,01SK004,682599.87,0,0,682599.87,0,682599.87
14697,02PK011,33.04,0,0,33.04,0,33.04
14697,02PK083,39.44,0,0,39.44,0,39.44
14697,03AK035,194.2,0,0,194.2,0,194.2
14697,03AK046,2569.01,0,1189612.86,1192181.87,0,1192181.87
14697,03AK048,3732.88,0,0,3732.88,0,3732.88
14697,03AM003,75790.11,0,0,75790.11,0,75790.11
14697,03AM005,4539.19,0,1031786.27,1036325.46,0,1036325.46
14697,03AM025,2173.92,0,0,2173.92,0,2173.92
14697,03AM033,1524.86,0,0,1524.86,0,1524.86
14697,03AME01,835.84,0,0,835.84,0,835.84
14697,03FD036,4636.4,0,458400,463036.4,0,463036.4
14697,03FD045,153143.93,0,0,153143.93,0,153143.93
14697,03FD127,1137.45,0,1815264,1816401.45,0,1816401.45
14697,03FD129,224199.96,0,0,224199.96,0,224199.96
14697,03FD133,79.95,0,0,79.95,0,79.95
14697,03FD157,880,0,0,880,0,880
14697,03FD170,271535.13,0,0,271535.13,0,271535.13
14697,04BL018,1503.11,0,0,1503.11,0,1503.11
14697,04FD081,96.38,0,0,96.38,0,96.38
14697,04FD320,8652.62,0,0,8652.62,0,8652.62
14697,07AD013,320289.8,0,0,320289.8,0,320289.8
14697,07ADE02,84386,0,0,84386,0,84386
14697,07AF007,41.6,0,0,41.6,0,41.6
14697,07ALJL,749.13,0,0,749.13,3.72,745.41
14697,07APAK21,7.91,0,0,7.91,0,7.91
14697,07AT026,598.12,0,0,598.12,0,598.12
14697,07AV001,12250.84,0,0,12250.84,0,12250.84
14697,07AV014,33227.73,0,0,33227.73,0,33227.73
14697,07AV017,1.7,0,497747.54,497749.24,16959,480790.24
14697,07BC007,498.52,0,0,498.52,0,498.52
14697,07BC027,265.22,0,0,265.22,0,265.22
14697,07BH002,2728.85,0,0,2728.85,0,2728.85
14697,07BH005,3493.16,0,0,3493.16,0,3493.16
14697,07BH017,139.1,0,0,139.1,0,139.1
14697,07BH024,39.68,0,0,39.68,0,39.68
14697,07BK005,821.4,0,0,821.4,233.02,588.38
14697,07BL001,338.84,0,0,338.84,0,338.84
14697,07BT003,1659.77,0,0,1659.77,0,1659.77
14697,07BT006,558.44,0,0,558.44,0,558.44
14697,07BT008,33.73,0,0,33.73,0,33.73
14697,07BT010,182.3,0,0,182.3,0,182.3
14697,07BT014,26433.69,0,0,26433.69,0,26433.69
14697,07BT015,179052.09,0,0,179052.09,105270,73782.09
14697,07BW019,280771.74,0,619402.6,900174.34,5948.55,894225.79
14697,07BW029,2278.94,0,145173.02,147451.96,4244.05,143207.91
14697,07CL009,985.08,0,0,985.08,0,985.08
14697,07CL013,5899.5,0,0,5899.5,0,5899.5
14697,07CP001,57.02,0,0,57.02,0,57.02
14697,07CQ005,0,0,31190.52,31190.52,0,31190.52
14697,07CR002,2101.53,0,0,2101.53,0,2101.53
14697,07CR004,625.3,0,0,625.3,0,625.3
14697,07CR006,45303.78,0,0,45303.78,26221.11,19082.67
14697,07CR008,237.1,0,0,237.1,0,237.1
14697,07CR015,197.64,0,0,197.64,0,197.64
14697,07CR016,264199.41,0,1092538.8,1356738.21,76093.64,1280644.57
14697,07CR021,0,0,114998.98,114998.98,0,114998.98
14697,07CR027,0,0,68791.42,68791.42,0,68791.42
14697,07CR087,765.59,0,0,765.59,0,765.59
14697,07CR092,8015.45,0,0,8015.45,0,8015.45
14697,07CR123,251252.4,0,0,251252.4,0,251252.4
14697,07CR444,5268.61,0,0,5268.61,0,5268.61
14697,07DM001,114796.97,0,0,114796.97,27152.29,87644.68
14697,07DM002,14748.11,0,0,14748.11,0,14748.11
14697,07DM017,6351.6,0,0,6351.6,0,6351.6
14697,07DP006,12847.31,0,0,12847.31,0,12847.31
14697,07DW009,1923.26,0,0,1923.26,4,1919.26
14697,07DW079,135.45,0,0,135.45,0,135.45
14697,07DW090,0.3,0,0,0.3,0,0.3
14697,07DW097,70103.13,0,0,70103.13,12394.57,57708.56
14697,07DWE51,14035.45,0,0,14035.45,566.2,13469.25
14697,07DWE52,9848.9,0,0,9848.9,0,9848.9
14697,07DWE56,2140.5,0,0,2140.5,0,2140.5
14697,07EA006,0,0,8035.2,8035.2,0,8035.2
14697,07ED032,445.3,0,0,445.3,0,445.3
14697,07EF001,13615.41,0,0,13615.41,0,13615.41
14697,07EF004,2896.85,0,0,2896.85,0,2896.85
14697,07ELE45,686.06,0,0,686.06,0,686.06
14697,07ELE46,12979.54,0,0,12979.54,0,12979.54
14697,07EM019,1050.21,0,0,1050.21,0,1050.21
14697,07EM021,127592.93,0,1530588.31,1658181.24,0,1658181.24
14697,07EM024,78414.06,0,249800.36,328214.42,38974.78,289239.64
14697,07EM026,206.98,0,0,206.98,0,206.98
14697,07EM027,9876.33,0,69366,79242.33,1852.13,77390.2
14697,07EM028,9182.4,0,124920,134102.4,1164.08,132938.32
14697,07EM029,3914.92,0,244455.39,248370.31,0,248370.31
14697,07EM033,0,0,448600.89,448600.89,0,448600.89
14697,07EM034,0,0,516467.44,516467.44,0,516467.44
14697,07EM035,0,0,182586.75,182586.75,0,182586.75
14697,07EM039,0,0,247912.8,247912.8,0,247912.8
14697,07EM045,0,0,1568788.91,1568788.91,0,1568788.91
14697,07EM050,483.66,0,0,483.66,0,483.66
14697,07EM065,52481.97,0,0,52481.97,0,52481.97
14697,07EM070,493.32,0,0,493.32,0,493.32
14697,07EM071,121102.97,0,0,121102.97,0,121102.97
14697,07EM076,812.55,0,0,812.55,0,812.55
14697,07EM085,20.63,0,0,20.63,0,20.63
14697,07EM089,28080.07,0,0,28080.07,0,28080.07
14697,07EM095,47433.6,0,0,47433.6,574.62,46858.98
14697,07EM097,16262.42,0,0,16262.42,0,16262.42
14697,07EM104,63.53,0,0,63.53,0,63.53
14697,07EM106,150000,0,0,150000,0,150000
14697,07EME11,14.04,0,0,14.04,0,14.04
14697,07EME20,50.11,0,0,50.11,0,50.11
14697,07EN003,351,0,0,351,0,351
14697,07ER001,449.24,0,0,449.24,4.4,444.84
14697,07ER011,10000,0,0,10000,0,10000
14697,07EU001,11147.2,0,0,11147.2,0,11147.2
14697,07EU004,14.94,0,0,14.94,0,14.94
14697,07FD022,938.41,0,0,938.41,0,938.41
14697,07FD047,10,0,0,10,0,10
14697,07FD064,53.5,0,0,53.5,0,53.5
14697,07FD085,17.97,0,0,17.97,0,17.97
14697,07FD149,367.41,0,0,367.41,0,367.41
14697,07FD171,11445.21,0,0,11445.21,0,11445.21
14697,07FD192,267.09,0,0,267.09,0,267.09
14697,07FD214,12234.8,0,0,12234.8,4895.67,7339.13
14697,07FD256,1787.76,0,0,1787.76,0,1787.76
14697,07FD260,1900.48,0,0,1900.48,0,1900.48
14697,07FD269,57.7,0,0,57.7,0,57.7
14697,07FD279,5103.21,0,0,5103.21,0,5103.21
14697,07FD318,2286.24,0,0,2286.24,0,2286.24
14697,07FD340,61156.22,0,0,61156.22,23100,38056.22
14697,07FD356,2201.53,0,0,2201.53,0,2201.53
14697,07FD367,16268.13,0,0,16268.13,0,16268.13
14697,07FD383,16958.54,0,0,16958.54,9222.4,7736.14
14697,07FD401,92.07,0,0,92.07,0,92.07
14697,07FD404,48432.07,0,0,48432.07,5315.33,43116.74
14697,07FD405,2461.55,0,0,2461.55,286.63,2174.92
14697,07FD414,781.93,0,0,781.93,0,781.93
14697,07FD416,1778.93,0,0,1778.93,114.18,1664.75
14697,07FD428,15767.43,0,0,15767.43,0,15767.43
14697,07FDCIPL,107708.39,0,0,107708.39,14046.87,93661.52
14697,07FDN005,4207.06,0,0,4207.06,3382.95,824.11
14697,07FDN010,14349.72,0,0,14349.72,1612.96,12736.76
14697,07FDN012,0,0,30263.62,30263.62,0,30263.62
14697,07FK007,1299.88,0,0,1299.88,0,1299.88
14697,07FN006,100453.97,0,1864958.88,1965412.85,1244,1964168.85
14697,07FN012,165.14,0,0,165.14,0,165.14
14697,07FN015,82891.02,0,455611.24,538502.26,0,538502.26
14697,07FN017,57515.43,0,1636081.12,1693596.55,21142.8,1672453.75
14697,07FN018,24160.58,0,637125.32,661285.9,1722.15,659563.75
14697,07FN019,0,0,24445.54,24445.54,0,24445.54
14697,07FN024,154385.13,0,0,154385.13,0,154385.13
14697,07FN032,0,0,6638816.73,6638816.73,0,6638816.73
14697,07FN035,0,0,240385.56,240385.56,0,240385.56
14697,07FN038,346.23,0,17810752.96,17811099.19,0,17811099.19
14697,07FN039,4091.71,0,135810.24,139901.95,0,139901.95
14697,07FN042,0,0,85567.3,85567.3,0,85567.3
14697,07FN043,3635.28,0,157788,161423.28,0,161423.28
14697,07FN053,33.26,0,0,33.26,0,33.26
14697,07FN060,1836.79,0,317637.62,319474.41,0,319474.41
14697,07FN061,0,0,7088516.64,7088516.64,0,7088516.64
14697,07FN062,0,668691,1161560,1830251,0,1830251
14697,07FN067,730.62,0,0,730.62,0,730.62
14697,07FN070,10990.73,0,0,10990.73,3426,7564.73
14697,07FN072,63794.06,0,0,63794.06,13510.23,50283.83
14697,07FN076,57.03,0,0,57.03,0,57.03
14697,07FN087,0,666276.3,0,666276.3,0,666276.3
14697,07FN089,89223.1,0,568781.2,658004.3,0,658004.3
14697,07FT006,489.95,0,0,489.95,0,489.95
14697,07FT007,87792.07,0,0,87792.07,248412.97,-160620.9
14697,07FT013,1049315.51,0,0,1049315.51,0,1049315.51
14697,07FT014,121835.13,0,0,121835.13,0,121835.13
14697,07FT018,385.13,0,0,385.13,0,385.13
14697,07FT021,327.79,0,0,327.79,0,327.79
14697,07FT035,313.59,0,0,313.59,0,313.59
14697,07FT036,507.93,0,0,507.93,0,507.93
14697,07FT039,39587.03,0,0,39587.03,0,39587.03
14697,07FT040,87433.21,0,0,87433.21,23470.13,63963.08
14697,07FTE01,187139.62,0,0,187139.62,0,187139.62
14697,07FTE03,60179.52,0,0,60179.52,0,60179.52
14697,07FTE04,72843.08,0,0,72843.08,0,72843.08
14697,07FTE05,609680.09,0,0,609680.09,53402.77,556277.32
14697,07FU006,7.67,0,0,7.67,0,7.67
14697,07FV004,649,0,0,649,0,649
14697,07GC010,2141.86,0,0,2141.86,0,2141.86
14697,07GCE04,0.05,0,0,0.05,0,0.05
14697,07GV004,992763.47,0,0,992763.47,219541.97,773221.5
14697,07GV006,12517.07,0,0,12517.07,0,12517.07
14697,07GV007,11720.29,0,0,11720.29,330.58,11389.71
14697,07GV008,16446.32,0,0,16446.32,0,16446.32
14697,07GV009,3643.08,0,0,3643.08,0,3643.08
14697,07GV010,170.26,0,0,170.26,0,170.26
14697,07GV011,239539.85,0,0,239539.85,61185.85,178354
14697,07HB004,351,0,0,351,0,351
14697,07HD001,68.97,0,0,68.97,0,68.97
14697,07HD012,113084.37,0,0,113084.37,47055.63,66028.74
14697,07HD014,393.93,0,0,393.93,0,393.93
14697,07HD015,2167.03,0,0,2167.03,0,2167.03
14697,07HD021,912.95,0,0,912.95,0,912.95
14697,07HD025,697.9,0,0,697.9,0,697.9
14697,07HD028,1495.36,0,0,1495.36,0,1495.36
14697,07HD032,929.75,0,0,929.75,0,929.75
14697,07HD047,18993.33,0,0,18993.33,0,18993.33
14697,07HD050,621.88,0,0,621.88,0,621.88
14697,07HD051,3040.79,0,0,3040.79,927.85,2112.94
14697,07HD054,249.48,0,0,249.48,0,249.48
14697,07HD061,219.84,0,0,219.84,0,219.84
14697,07HDE05,1569.75,0,0,1569.75,0,1569.75
14697,07HDE08,6385.9,0,0,6385.9,0,6385.9
14697,07HN003,486.53,0,0,486.53,0,486.53
14697,07ID001,232585.21,0,0,232585.21,7089.36,225495.85
14697,07ID002,471959.72,0,0,471959.72,0,471959.72
14697,07ID007,78.82,0,0,78.82,0,78.82
14697,07ID024,19486.97,0,0,19486.97,0,19486.97
14697,07ID025,266.3,0,0,266.3,0,266.3
14697,07ID029,9098.13,0,0,9098.13,0,9098.13
14697,07IDE17,11059.43,0,326138.85,337198.28,0,337198.28
14697,07IDE62,194.15,0,0,194.15,0,194.15
14697,07IDE63,5206.47,0,0,5206.47,2857,2349.47
14697,07IHE01,73.86,0,0,73.86,0,73.86
14697,07IM002,208.16,0,0,208.16,0,208.16
14697,07IM003,42.41,0,0,42.41,0,42.41
14697,07IM005,217462.74,0,0,217462.74,0,217462.74
14697,07IP002,137.99,0,0,137.99,36.84,101.15
14697,07IR002,1749.54,0,0,1749.54,1449,300.54
14697,07IR003,3203.53,0,0,3203.53,1263.99,1939.54
14697,07IR006,2640.09,0,0,2640.09,2622,18.09
14697,07IR007,3207.2,0,0,3207.2,1470.24,1736.96
14697,07IR009,19.91,0,0,19.91,0,19.91
14697,07IR012,15131.98,0,0,15131.98,2553.68,12578.3
14697,07IR013,35.29,0,0,35.29,0,35.29
14697,07IZ001,1143.8,0,0,1143.8,138.64,1005.16
14697,07JC03,105.99,0,0,105.99,0,105.99
14697,07JCE02,33580.14,0,0,33580.14,0,33580.14
14697,07JO002,123658.08,0,0,123658.08,0,123658.08
14697,07JO005,6482.5,0,0,6482.5,0,6482.5
14697,07JO006,33492.55,0,0,33492.55,0,33492.55
14697,07JO007,113958.94,0,0,113958.94,0,113958.94
14697,07JSE13,38130.57,0,0,38130.57,0,38130.57
14697,07MCE2,69.2,0,0,69.2,0,69.2
14697,07MDE4,2055.09,0,0,2055.09,0,2055.09
14697,08AC001,43.94,0,0,43.94,0,43.94
14697,08FD012,62.21,0,0,62.21,0,62.21
14697,08FD015,132.16,0,0,132.16,0,132.16
14697,08FD029,69.95,0,0,69.95,0,69.95
14697,08FD034,18923.41,0,0,18923.41,1150.75,17772.66
14697,08FD060,1461.98,0,0,1461.98,0,1461.98
14697,08FD061,3318.44,0,0,3318.44,0,3318.44
14697,08FD069,78.76,0,0,78.76,0,78.76
14697,08FD094,119.28,0,0,119.28,0,119.28
14697,08FD095,67.61,0,0,67.61,0,67.61
14697,08FD096,3488.47,0,0,3488.47,665.25,2823.22
14697,08FDE06,1982.16,0,0,1982.16,309.55,1672.61
14697,08FDE10,23.36,0,0,23.36,0,23.36
14697,08RA002,1537.89,0,0,1537.89,0,1537.89
14697,08RA005,1749.03,0,0,1749.03,428.04,1320.99
14697,08RA008,6760.5,0,0,6760.5,6764.55,-4.05
14697,08RA015,279.54,0,0,279.54,0,279.54
14697,09AP008,51.29,0,0,51.29,0,51.29
14697,09CK041,1946.31,0,0,1946.31,0,1946.31
14697,09CK057,785.28,0,0,785.28,0,785.28
14697,09CK060,91.06,0,0,91.06,0,91.06
14697,09CK105,60866.48,0,0,60866.48,0,60866.48
14697,09CKE01,32616.2,0,0,32616.2,0,32616.2
14697,09FD073,87.25,0,0,87.25,0,87.25
14697,09FD102,223.8,0,0,223.8,0,223.8
14697,09FD151,53.55,0,0,53.55,0,53.55
14697,09FD209,0,0,33260.81,33260.81,0,33260.81
14697,09FD215,16236.33,0,0,16236.33,0,16236.33
14697,09FD220,0,0,67053.52,67053.52,0,67053.52
14697,09FD231,0,0,6273.17,6273.17,0,6273.17
14697,09FD249,1017.99,0,0,1017.99,0,1017.99
14697,09FD334,1026.48,0,0,1026.48,0,1026.48
14697,09FD335,35302.02,0,0,35302.02,421.9,34880.12
14697,09FD5656,0,0,131666.51,131666.51,0,131666.51
14697,09FD6565,0,0,72564.97,72564.97,0,72564.97
14697,09FDNE01,0,0,7405.08,7405.08,0,7405.08
14697,09GB001,13325.27,0,0,13325.27,127.12,13198.15
14697,09GB003,3803.37,0,0,3803.37,1098.8,2704.57
14697,09GB006,1316.64,0,0,1316.64,0,1316.64
14697,09GB007,3128.9,0,0,3128.9,0,3128.9
14697,09GB008,664.76,0,0,664.76,0,664.76
14697,09GB009,2839.38,0,0,2839.38,0,2839.38
14697,09GB010,24176.26,0,0,24176.26,0,24176.26
14697,09GB011,235199.04,0,0,235199.04,0,235199.04
14697,09GB012,2799.93,0,0,2799.93,0,2799.93
14697,09GB013,3143.24,0,0,3143.24,0,3143.24
14697,09GB015,23598.18,0,0,23598.18,0,23598.18
14697,09GB016,190266.34,0,0,190266.34,0,190266.34
14697,09GB020,16540.02,0,0,16540.02,0,16540.02
14697,09GB021,667.75,0,0,667.75,0,667.75
14697,09GB024,2886.07,0,0,2886.07,0,2886.07
14697,09GB025,3008.97,0,0,3008.97,0,3008.97
14697,09GB026,14076.81,0,0,14076.81,2713.97,11362.84
14697,09GB028,667.75,0,0,667.75,0,667.75
14697,09GB034,2494.82,0,0,2494.82,0,2494.82
14697,09GB040,4164.49,0,0,4164.49,832.5,3331.99
14697,09GB041,14545.92,0,0,14545.92,0,14545.92
14697,09GB043,4157.71,0,0,4157.71,832.5,3325.21
14697,09GB054,3924.77,0,0,3924.77,0,3924.77
14697,09GB059,15000,0,0,15000,0,15000
14697,09GB063,514.25,0,0,514.25,0,514.25
14697,09GB071,14453.76,0,0,14453.76,0,14453.76
14697,09GB072,5000,0,0,5000,1085.52,3914.48
14697,09GB076,14735.44,0,0,14735.44,0,14735.44
14697,09GB077,15541.97,0,0,15541.97,833.5,14708.47
14697,09GB092,20.63,0,0,20.63,0,20.63
14697,09GB097,15189.97,0,0,15189.97,2669.24,12520.73
14697,09GB103,14735.44,0,0,14735.44,0,14735.44
14697,09GB105,14534.25,0,0,14534.25,0,14534.25
14697,09GB106,1263.4,0,0,1263.4,0,1263.4
14697,09GB111,30956.6,0,0,30956.6,0,30956.6
14697,09GB138,15189.72,0,0,15189.72,2669.24,12520.48
14697,09GB143,20743.82,0,0,20743.82,0,20743.82
14697,09GB148,15000,0,0,15000,2785.02,12214.98
14697,09GB153,4152.39,0,0,4152.39,832.5,3319.89
14697,09GB157,14536.7,0,0,14536.7,0,14536.7
14697,09GB168,13451.24,0,0,13451.24,2710.04,10741.2
14697,09GB169,13451.24,0,0,13451.24,2698.38,10752.86
14697,09GB175,4197.86,0,0,4197.86,0,4197.86
14697,09GB187,13451.24,0,0,13451.24,2709.9,10741.34
14697,09GB188,15097.32,0,0,15097.32,2703.85,12393.47
14697,09GB191,3080.5,0,0,3080.5,0,3080.5
14697,09GB196,15189.97,0,0,15189.97,2669.24,12520.73
14697,09GB197,3849.51,0,0,3849.51,0,3849.51
14697,09GB218,15181.51,0,0,15181.51,2669.24,12512.27
14697,09GB220,14457.43,0,0,14457.43,0,14457.43
14697,09GB221,14461.11,0,0,14461.11,0,14461.11
14697,09GB230,14735.44,0,0,14735.44,0,14735.44
14697,09GB231,14735.44,0,0,14735.44,0,14735.44
14697,09GB237,30541.21,0,0,30541.21,0,30541.21
14697,09GB239,14735.44,0,0,14735.44,0,14735.44
14697,09GB245,1399.31,0,0,1399.31,0,1399.31
14697,09GB246,14461.11,0,0,14461.11,0,14461.11
14697,09GB250,0.01,0,0,0.01,0,0.01
14697,09GB252,15000,0,0,15000,3002.98,11997.02
14697,09GB253,30414.69,0,0,30414.69,0,30414.69
14697,09GB255,15413.14,0,0,15413.14,2699.38,12713.76
14697,09GB260,14735.44,0,0,14735.44,0,14735.44
14697,09GB265,14735.44,0,0,14735.44,0,14735.44
14697,09GB267,30409.01,0,0,30409.01,0,30409.01
14697,09GB268,16315.8,0,0,16315.8,2669.16,13646.64
14697,09GB270,122.04,0,0,122.04,0,122.04
14697,09GB272,15752.55,0,0,15752.55,0,15752.55
14697,09GB275,14458.27,0,0,14458.27,0,14458.27
14697,09GB280,15241.89,0,0,15241.89,0,15241.89
14697,09GB281,14457.43,0,0,14457.43,0,14457.43
14697,09GB282,15223.03,0,0,15223.03,2669.16,12553.87
14697,09GB283,15000,0,0,15000,2669.16,12330.84
14697,09GB284,16148.95,0,0,16148.95,0,16148.95
14697,09GB287,14457.43,0,0,14457.43,0,14457.43
14697,09GB288,15702.95,0,0,15702.95,0,15702.95
14697,09GB293,16085.07,0,0,16085.07,0,16085.07
14697,09GB295,15861.36,0,0,15861.36,0,15861.36
14697,09GB298,15181.51,0,0,15181.51,2669.16,12512.35
14697,09GB306,692.5,0,0,692.5,0,692.5
14697,09GB307,484.42,0,0,484.42,0,484.42
14697,09GB310,15000,0,0,15000,2918.34,12081.66
14697,09GB312,15000,0,0,15000,2696.45,12303.55
14697,09GB321,347.59,0,0,347.59,0,347.59
14697,09GB322,1904.04,0,0,1904.04,0,1904.04
14697,09GB325,15000,0,0,15000,2696.56,12303.44
14697,09GB329,1536.06,0,0,1536.06,0,1536.06
14697,09GB332,4160.62,0,0,4160.62,832.25,3328.37
14697,09GB333,5000,0,0,5000,0,5000
14697,09GB334,70652.94,0,0,70652.94,0,70652.94
14697,09GB335,5000,0,0,5000,0,5000
14697,09GB336,6808.88,0,0,6808.88,832.28,5976.6
14697,09GB337,4191.39,0,0,4191.39,832.5,3358.89
14697,09GB338,5000,0,0,5000,0,5000
14697,09GB339,5000,0,0,5000,0,5000
14697,09GB340,6787.74,0,0,6787.74,832.5,5955.24
14697,09GB341,6845.37,0,0,6845.37,832.5,6012.87
14697,09GB342,5000,0,0,5000,0,5000
14697,09GB343,4194.87,0,0,4194.87,832.5,3362.37
14697,09GB344,6921.28,0,0,6921.28,832.5,6088.78
14697,09GB345,17325.42,0,0,17325.42,832.28,16493.14
14697,09GB346,21366,0,0,21366,832.25,20533.75
14697,09GB348,5000,0,0,5000,0,5000
14697,09GB349,5000,0,0,5000,0,5000
14697,09GB350,21356.05,0,0,21356.05,832,20524.05
14697,09GB351,5159.73,0,0,5159.73,832.55,4327.18
14697,09GB352,7882.36,0,0,7882.36,832.5,7049.86
14697,09GB353,5161.31,0,0,5161.31,832.5,4328.81
14697,09GB354,5000,0,0,5000,0,5000
14697,09GB355,5000,0,0,5000,0,5000
14697,09GB356,18224.35,0,0,18224.35,2446.08,15778.27
14697,09GB375,17185.6,0,0,17185.6,0,17185.6
14697,09GB377,15000,0,0,15000,2695.14,12304.86
14697,09GD001,189.92,0,0,189.92,0,189.92
14697,09GD002,19541.97,0,0,19541.97,833.5,18708.47
14697,09GD003,15189.3,0,0,15189.3,834.12,14355.18
14697,09GD004,15191.28,0,0,15191.28,2669.24,12522.04
14697,09GD006,14947.91,0,0,14947.91,0,14947.91
14697,09GD007,15190.27,0,0,15190.27,2669.24,12521.03
14697,09GD008,19541.7,0,0,19541.7,833.5,18708.2
14697,09GD009,15190.33,0,0,15190.33,2669.24,12521.09
14697,09GD010,15189.97,0,0,15189.97,2669.24,12520.73
14697,09GD011,16224.69,0,0,16224.69,834.2,15390.49
14697,09GD012,16291.45,0,0,16291.45,833.85,15457.6
14697,09GD013,15000.21,0,0,15000.21,2669.24,12330.97
14697,09GD014,15181.41,0,0,15181.41,2669.24,12512.17
14697,09GD015,15189.72,0,0,15189.72,2669.24,12520.48
14697,09GD016,15223.09,0,0,15223.09,2669.24,12553.85
14697,09GD020,16299.91,0,0,16299.91,833.5,15466.41
14697,09GD021,15189.97,0,0,15189.97,2669.24,12520.73
14697,09GD022,15189.97,0,0,15189.97,2669.24,12520.73
14697,09GD024,15189.97,0,0,15189.97,2669.24,12520.73
14697,09GD031,7132.99,0,0,7132.99,0,7132.99
14697,09GD050,84.64,0,0,84.64,0,84.64
14697,09GD058,7.27,0,0,7.27,0,7.27
14697,09GD065,4815.94,0,0,4815.94,0,4815.94
14697,09GDAK01,0.06,0,0,0.06,0,0.06
14697,09GDAP01,2824.89,0,0,2824.89,0,2824.89
14697,09GDCK01,667.75,0,0,667.75,0,667.75
14697,09GDDB01,15777.19,0,0,15777.19,0,15777.19
14697,09GDGM01,29190.97,0,0,29190.97,0,29190.97
14697,09GDGP01,666.75,0,0,666.75,0,666.75
14697,09GDHU01,510.26,0,0,510.26,0,510.26
14697,09GDIP01,52496.05,0,0,52496.05,0,52496.05
14697,09GDJB01,2823.04,0,0,2823.04,0,2823.04
14697,09GDJD02,1000,0,0,1000,0,1000
14697,09GDJP01,664.76,0,0,664.76,0,664.76
14697,09GDKB01,2203.57,0,0,2203.57,0,2203.57
14697,09GDKG01,664.76,0,0,664.76,0,664.76
14697,09GDKI01,667.75,0,0,667.75,0,667.75
14697,09GDKJ01,169347,0,0,169347,43717.79,125629.21
14697,09GDKP01,3103.33,0,0,3103.33,0,3103.33
14697,09GDLR01,2920.42,0,0,2920.42,0,2920.42
14697,09GDMK01,416.18,0,0,416.18,0,416.18
14697,09GDMK02,2072.99,0,0,2072.99,0,2072.99
14697,09GDMP01,664.76,0,0,664.76,0,664.76
14697,09GDND01,52563.02,0,0,52563.02,23491.26,29071.76
14697,09GDNM01,666.75,0,0,666.75,0,666.75
14697,09GDPB01,20392,0,0,20392,0,20392
14697,09GDPK02,17.5,0,0,17.5,0,17.5
14697,09GDRG01,510.32,0,0,510.32,0,510.32
14697,09GDRH01,30555.03,0,0,30555.03,0,30555.03
14697,09GDSK01,78976.47,0,0,78976.47,38775,40201.47
14697,09GDZP01,666.8,0,0,666.8,0,666.8
14697,09HS015,4601.48,0,0,4601.48,0,4601.48
14697,09HS021,53758.53,0,0,53758.53,14994.07,38764.46
14697,09HS031,2518.86,0,37916.92,40435.78,0,40435.78
14697,09HS049,24447.12,0,0,24447.12,0,24447.12
14697,09HS055,42670.93,0,0,42670.93,0,42670.93
14697,09HS058,4471.03,0,0,4471.03,0,4471.03
14697,09HS059,1317.27,0,0,1317.27,0,1317.27
14697,09HS078,45008.51,0,0,45008.51,10757.48,34251.03
14697,09HS086,1390.11,0,0,1390.11,0,1390.11
14697,09HS092,2756.35,0,0,2756.35,0,2756.35
14697,09HS097,0,0,1953.6,1953.6,0,1953.6
14697,09HS101,0,0,123261.74,123261.74,0,123261.74
14697,09HS1111,2179.65,0,0,2179.65,338.75,1840.9
14697,09HS145,63.91,0,0,63.91,0,63.91
14697,09HS159,2680.53,0,0,2680.53,0,2680.53
14697,09HS167,0.61,0,0,0.61,0,0.61
14697,09HS190,33.13,0,0,33.13,0,33.13
14697,09HS193,53826.91,0,0,53826.91,0,53826.91
14697,09HS195,87268.92,0,0,87268.92,2446.15,84822.77
14697,09HS196,21.19,0,0,21.19,0,21.19
14697,09HS198,17123.51,0,0,17123.51,0,17123.51
14697,09HS2013,0,0,7108.04,7108.04,0,7108.04
14697,09HS202,11.19,0,0,11.19,0,11.19
14697,09KS019,16946.97,0,0,16946.97,0,16946.97
14697,09OM003,16677.07,0,0,16677.07,0,16677.07
14697,09PK018,13484.28,0,0,13484.28,2710.38,10773.9
14697,09PK020,14075.92,0,0,14075.92,2710.47,11365.45
14697,09PK022,15044.34,0,0,15044.34,2698.41,12345.93
14697,09PK023,13451.24,0,0,13451.24,2709.27,10741.97
14697,09PK025,664.76,0,0,664.76,0,664.76
14697,09PK027,666.75,0,0,666.75,0,666.75
14697,09PK028,666.75,0,0,666.75,0,666.75
14697,09PK030,667.2,0,0,667.2,0,667.2
14697,09PK031,13451.24,0,0,13451.24,2709.95,10741.29
14697,09PK036,23067.59,0,0,23067.59,127.97,22939.62
14697,09PK040,2224.48,0,0,2224.48,254.41,1970.07
14697,09PK041,15016.8,0,0,15016.8,128.27,14888.53
14697,09PK042,2795.11,0,0,2795.11,0,2795.11
14697,09PK043,515.08,0,0,515.08,0,515.08
14697,09PK048,17193.27,0,0,17193.27,0,17193.27
14697,09PK050,267.83,0,0,267.83,0,267.83
14697,09PK057,39288.79,0,0,39288.79,0,39288.79
14697,09PK065,17170.67,0,0,17170.67,0,17170.67
14697,09PK079,15000,0,0,15000,2918.42,12081.58
14697,09PK082,1800,0,0,1800,254.4,1545.6
14697,09PK083,15016.8,0,0,15016.8,127.97,14888.83
14697,09PK085,2044.87,0,0,2044.87,0,2044.87
14697,09PK094,20.64,0,0,20.64,0,20.64
14697,09PK104,664.76,0,0,664.76,0,664.76
14697,09PK106,2885.92,0,0,2885.92,0,2885.92
14697,09PK109,2832.25,0,0,2832.25,0,2832.25
14697,09PK110,1504.08,0,0,1504.08,0,1504.08
14697,09PK111,49433.06,0,0,49433.06,0,49433.06
14697,09PK112,15667.06,0,0,15667.06,0,15667.06
14697,09PK114,3103.33,0,0,3103.33,0,3103.33
14697,09PK115,15647.62,0,0,15647.62,0,15647.62
14697,09PK116,14402,0,0,14402,0,14402
14697,09PK118,14424.25,0,0,14424.25,1864.12,12560.13
14697,09PK120,14433.47,0,0,14433.47,1868.78,12564.69
14697,09PK122,667.05,0,0,667.05,0,667.05
14697,09PK123,19341.26,0,0,19341.26,0,19341.26
14697,09PK124,2386.59,0,0,2386.59,0,2386.59
14697,09PK128,3107.43,0,0,3107.43,0,3107.43
14697,09PK129,664.76,0,0,664.76,0,664.76
14697,09PK130,299251,0,0,299251,1868.78,297382.22
14697,09PK132,36207.45,0,0,36207.45,0,36207.45
14697,09PK133,162793.73,0,0,162793.73,0,162793.73
14697,09PK135,2390.1,0,0,2390.1,0,2390.1
14697,09PK140,23346.83,0,0,23346.83,0,23346.83
14697,09PK149,14459.27,0,0,14459.27,0,14459.27
14697,09PK154,667.75,0,0,667.75,0,667.75
14697,09PK156,687.29,0,0,687.29,0,687.29
14697,09PK158,13451.24,0,0,13451.24,2709.19,10742.05
14697,09PK164,330,0,0,330,0,330
14697,09PK181,17324.82,0,0,17324.82,0,17324.82
14697,09PK189,16036.24,0,0,16036.24,0,16036.24
14697,09PK190,13295.79,0,0,13295.79,0,13295.79
14697,09PK191,3300,0,0,3300,1098.92,2201.08
14697,09PK214,206252.73,0,0,206252.73,0,206252.73
14697,09PK215,184800.56,0,0,184800.56,0,184800.56
14697,09PK216,667.05,0,0,667.05,0,667.05
14697,09PK220,3761.17,0,0,3761.17,0,3761.17
14697,09PK221,700.72,0,0,700.72,0,700.72
14697,09PK222,664.76,0,0,664.76,0,664.76
14697,09PK223,140412.46,0,0,140412.46,0,140412.46
14697,09PK224,2913.38,0,0,2913.38,0,2913.38
14697,09PK226,694.32,0,0,694.32,0,694.32
14697,09PK229,3106.32,0,0,3106.32,0,3106.32
14697,09PK230,664.76,0,0,664.76,0,664.76
14697,09PK231,6777.33,0,237099.17,243876.5,0,243876.5
14697,09PK232,5305.51,0,0,5305.51,0,5305.51
14697,09PK233,23422.3,0,0,23422.3,0,23422.3
14697,09PK234,300070.06,0,0,300070.06,0,300070.06
14697,09PK235,666.75,0,0,666.75,0,666.75
14697,09PK237,9591.77,0,0,9591.77,0,9591.77
14697,09PK238,667.05,0,0,667.05,0,667.05
14697,09PK239,227704.19,0,0,227704.19,0,227704.19
14697,09PK243,11196.33,0,0,11196.33,0,11196.33
14697,09PK245,14453.76,0,0,14453.76,0,14453.76
14697,09VA001,38.7,0,0,38.7,0,38.7
14697,09VA003,79688.61,0,0,79688.61,22329.62,57358.99
14697,11AA013,39375.26,0,193596.13,232971.39,0,232971.39
14697,11AA024,21499.81,0,67201.12,88700.93,4269.25,84431.68
14697,11AA028,1202.15,0,0,1202.15,0,1202.15
14697,11AA030,4714.05,0,0,4714.05,784.12,3929.93
14697,11AA035,23.31,0,0,23.31,0,23.31
14697,11AA037,630.19,0,0,630.19,0,630.19
14697,11AA038,9504.06,0,0,9504.06,851.53,8652.53
14697,11AA039,31389.71,0,0,31389.71,0,31389.71
14697,11AA047,0,0,1622.7,1622.7,0,1622.7
14697,11AA048,0,0,22506.63,22506.63,0,22506.63
14697,11AA055,6640.07,0,0,6640.07,0,6640.07
14697,11AA063,1587.37,0,0,1587.37,0,1587.37
14697,11AA066,6177.66,0,0,6177.66,0,6177.66
14697,11AA077,5171.42,0,0,5171.42,0,5171.42
14697,11AA081,32121.06,0,0,32121.06,0,32121.06
14697,11AA101,17907.01,0,0,17907.01,0,17907.01
14697,11AA103,3820.26,0,0,3820.26,888.81,2931.45
14697,11AA119,44.35,0,0,44.35,0,44.35
14697,11AA154,30941.14,0,0,30941.14,0,30941.14
14697,11AD001,29759.51,0,0,29759.51,6524.98,23234.53
14697,11AD002,5533.53,0,0,5533.53,1438.39,4095.14
14697,11AD003,18667.48,0,0,18667.48,0,18667.48
14697,11AD011,360.05,0,0,360.05,0,360.05
14697,11AD012,338.84,0,0,338.84,0,338.84
14697,11AD014,8146.56,0,0,8146.56,3319.6,4826.96
14697,11AD018,2416.24,0,0,2416.24,0,2416.24
14697,11AD021,2253.62,0,0,2253.62,0,2253.62
14697,11AD025,4124.97,0,0,4124.97,0,4124.97
14697,11AD026,1114.57,0,0,1114.57,0,1114.57
14697,11AIE07,6316.38,0,0,6316.38,2451.99,3864.39
14697,11FD017,13283.5,0,0,13283.5,0,13283.5
14697,11FD020,8842.88,0,0,8842.88,0,8842.88
14697,12FD007,343.83,0,0,343.83,0,343.83
14697,14697,200000000,0,131.86,200000131.9,2918866.18,197081265.7
14697,14FD006,547.59,0,0,547.59,0,547.59
14697,14FD007,7701.06,0,0,7701.06,0,7701.06
14697,14FD027,412132.28,0,0,412132.28,2048,410084.28
14697,14FD060,179824.79,0,0,179824.79,0,179824.79
14697,14FD227,45240.51,0,0,45240.51,0,45240.51
14697,17AA001,1412.1,0,0,1412.1,0,1412.1
14697,17BE001,0,0,40165.47,40165.47,0,40165.47
14697,17FD006,1084.15,0,0,1084.15,236.63,847.52
14697,17FD035,0,0,41040.72,41040.72,0,41040.72
14697,17HS006,17305.24,0,0,17305.24,1611.29,15693.95
14697,17PP002,58.31,0,0,58.31,0,58.31
14697,17PP003,2.65,0,0,2.65,0,2.65
14697,17PP011,38.19,0,0,38.19,0,38.19
14697,17PP015,23410.24,0,0,23410.24,0,23410.24
14697,A1BA029,1656.23,0,0,1656.23,0,1656.23
14697,A1BA130,600.44,0,0,600.44,0,600.44
14697,A1BA135,12418.11,0,0,12418.11,0,12418.11
14697,A1BA139,24998.76,0,0,24998.76,0,24998.76
14697,A1BA159,251.65,0,0,251.65,0,251.65
14697,A1BA176,36534.35,0,0,36534.35,505,36029.35
14697,AH3E2,5000,0,0,5000,0,5000
14697,AHM001,87226.4,0,0,87226.4,0,87226.4
14697,AHM009,97798.42,0,0,97798.42,0,97798.42
14697,AHM011,4203733.22,0,0,4203733.22,0,4203733.22
14697,AHM029,2307.06,0,0,2307.06,0,2307.06
14697,AHM036,50479.29,0,0,50479.29,11097.54,39381.75
14697,AHM037,5005.56,0,0,5005.56,0,5005.56
14697,AHM3E10,109854.42,0,0,109854.42,534.55,109319.87
14697,AHM3E13,87712.36,0,0,87712.36,310.05,87402.31
14697,AHM3E15,58266.15,0,0,58266.15,0,58266.15
14697,AHM3E16,34928.48,0,4862.8,39791.28,0,39791.28
14697,AHM3E19,73087.58,0,12643.28,85730.86,0,85730.86
14697,AHM3E2,131362.3,0,24314,155676.3,0,155676.3
14697,AHM3E20,85164.69,0,24314,109478.69,0,109478.69
14697,AHM3E21,33423.75,0,9725.6,43149.35,0,43149.35
14697,AHM3E22,393427.69,0,0,393427.69,5555.1,387872.59
14697,AHM3E4,105566.39,0,9725.6,115291.99,0,115291.99
14697,AHM3E5,0,0,10777.86,10777.86,0,10777.86
14697,AHM3E6,49505.55,0,0,49505.55,377.75,49127.8
14697,AHM3E7,0,0,2029920,2029920,0,2029920
14697,AHM3E8,47254.26,0,8965.7,56219.96,0,56219.96
14697,AHM3E9,35527.98,0,0,35527.98,506.75,35021.23
14697,AHME16,60716.87,0,0,60716.87,14763.57,45953.3
14697,AHME77,242424.52,0,0,242424.52,0,242424.52
14697,AHME78,516688.04,0,0,516688.04,0,516688.04
14697,AHME81,365962.76,0,0,365962.76,22156.64,343806.12
14697,AHME82,282.5,0,0,282.5,0,282.5
14697,AHME83,2883.03,0,0,2883.03,0,2883.03
14697,FD022,0,0,257413.59,257413.59,0,257413.59
14697,FD025,0,0,171364,171364,0,171364
14697,FD027,5583.08,0,0,5583.08,0,5583.08
14697,FD046,518.38,0,0,518.38,0,518.38
14697,FD047,1315526,0,0,1315526,0,1315526
14697,FD050,17061.1,0,0,17061.1,571.32,16489.78
14697,FD067,495.57,0,0,495.57,0,495.57
14697,FD069,222.3,0,0,222.3,0,222.3
14697,FD077,3111347.35,0,0,3111347.35,494377.05,2616970.3
14697,FD079,6332.44,0,0,6332.44,0,6332.44
14697,FD100,1797.12,0,0,1797.12,0,1797.12
14697,FD1004,17496737.97,0,0,17496737.97,0,17496737.97
14697,FD1005,5596.8,0,0,5596.8,0,5596.8
14697,FD1007,118.04,0,0,118.04,0,118.04
14697,FD1018,74390.82,0,0,74390.82,0,74390.82
14697,FD1019,28273.62,2126603.65,0,2154877.27,198693.16,1956184.11
14697,FD1074,10059.79,0,0,10059.79,0,10059.79
14697,FD1079,645612.16,0,0,645612.16,0,645612.16
14697,FD1081,865039.92,0,0,865039.92,5177.5,859862.42
14697,FD1082,87129.95,0,0,87129.95,24262.71,62867.24
14697,FD1104,355.67,0,0,355.67,0,355.67
14697,FD1130,393.42,0,0,393.42,0,393.42
14697,FD133,355.45,0,0,355.45,0,355.45
14697,FD134,3626.92,0,1291307,1294933.92,11713.87,1283220.05
14697,FD142,7460.93,0,950193.64,957654.57,19819.57,937835
14697,FD151,12109.82,0,512048.8,524158.62,0,524158.62
14697,FD189,215790.32,0,0,215790.32,0,215790.32
14697,FD196,0,0,42668,42668,0,42668
14697,FD244,40.05,0,0,40.05,0,40.05
14697,FD252,540612.94,0,0,540612.94,0,540612.94
14697,FD264,267.22,0,0,267.22,0,267.22
14697,FD267,36766.49,0,0,36766.49,11683.64,25082.85
14697,FD286,21486.52,0,0,21486.52,0,21486.52
14697,FD287,7640.33,0,0,7640.33,0,7640.33
14697,FD290,144.02,1303400,0,1303544.02,0,1303544.02
14697,FD323,119681.34,0,0,119681.34,2043.44,117637.9
14697,FD337,2312.99,0,476650.28,478963.27,0,478963.27
14697,FD343,514.11,0,0,514.11,0,514.11
14697,FD346,1361123.41,0,4416984.06,5778107.47,597860.86,5180246.61
14697,FD431,382772.59,0,0,382772.59,0,382772.59
14697,FD441,1068.66,0,0,1068.66,0,1068.66
14697,FD446,222661.49,0,0,222661.49,0,222661.49
14697,FD468,0,0,2763412.61,2763412.61,260174.86,2503237.75
14697,FD471,1409952.44,0,0,1409952.44,0,1409952.44
14697,FD479,19219707.92,0,0,19219707.92,0,19219707.92
14697,FD481,15324.57,0,0,15324.57,0,15324.57
14697,FD492,244.9,0,0,244.9,0,244.9
14697,FD542,13938.55,0,0,13938.55,0,13938.55
14697,FD602,22.53,0,0,22.53,0,22.53
14697,FD603,767.69,0,0,767.69,0,767.69
14697,FD623,0,0,418904,418904,0,418904
14697,FD641,1470.39,0,0,1470.39,3552.8,-2082.41
14697,FD645,1061.84,0,0,1061.84,0,1061.84
14697,FD671,531.62,0,0,531.62,0,531.62
14697,FD675,40390.85,0,0,40390.85,7233.79,33157.06
14697,FD681,218.32,0,0,218.32,0,218.32
14697,FD700,0,589,0,589,0,589
14697,FD703,3602.18,0,0,3602.18,0,3602.18
14697,FD704,221.22,0,0,221.22,0,221.22
14697,FD712,4995.91,0,0,4995.91,0,4995.91
14697,FD733,10967.65,0,0,10967.65,0,10967.65
14697,FD734,1913.27,0,0,1913.27,0,1913.27
14697,FD7389,10000,0,0,10000,607.33,9392.67
14697,FD739,1279.81,0,0,1279.81,0,1279.81
14697,FD757,150563.32,0,0,150563.32,0,150563.32
14697,FD761,0,0,1465200,1465200,0,1465200
14697,FD766,709998.56,0,0,709998.56,0,709998.56
14697,FD775,211549.2,0,0,211549.2,5341.66,206207.54
14697,FD781,26560.47,0,0,26560.47,6683.33,19877.14
14697,FD794,2665.23,0,0,2665.23,0,2665.23
14697,FD796,158836,0,0,158836,0,158836
14697,FD831,320.31,0,0,320.31,0,320.31
14697,FD848,29080.02,0,0,29080.02,0,29080.02
14697,FD852,22.05,0,0,22.05,0,22.05
14697,FD861,0,0,39483.6,39483.6,0,39483.6
14697,FD862,0,0,168607.92,168607.92,0,168607.92
14697,FD871,1099.26,0,88512.48,89611.74,0,89611.74
14697,FD873,0,0,52771.43,52771.43,0,52771.43
14697,FD877,183.28,0,0,183.28,0,183.28
14697,FD879,40465.78,0,0,40465.78,4745,35720.78
14697,FD881,48692.29,0,0,48692.29,0,48692.29
14697,FD948,9299.12,0,0,9299.12,0,9299.12
14697,FD962,18446.95,0,0,18446.95,0,18446.95
14697,FDE292,0.74,0,0,0.74,0,0.74
14697,FDE443,1385.4,0,0,1385.4,2.09,1383.31
14697,FDE452,111.04,0,0,111.04,0,111.04
14697,FDE469,3547.98,0,0,3547.98,0,3547.98
14697,FDE491,340.15,0,0,340.15,0,340.15
14697,FDE514,407.03,0,0,407.03,0,407.03
14697,FDE527,8809.79,0,0,8809.79,2500.84,6308.95
14697,FDE554,5.89,0,0,5.89,0,5.89
14697,FDE626,102757.35,0,368600.24,471357.59,9783.33,461574.26
14697,FDE627,11.23,0,0,11.23,0,11.23
14697,FDE632,12650.73,0,0,12650.73,0,12650.73
14697,FDE638,2101.67,0,0,2101.67,0,2101.67
14697,FDE639,69853.44,0,215712,285565.44,0,285565.44
14697,FDE641,5479.28,0,0,5479.28,0,5479.28
14697,FDE645,68789.34,0,50951.32,119740.66,40557.03,79183.63
14697,FDE649,1428.01,0,0,1428.01,0,1428.01
14697,FDE670,70599.76,0,389316.37,459916.13,0,459916.13
14697,FDE678,305.17,0,0,305.17,0,305.17
14697,FDE684,169.77,0,0,169.77,0,169.77
14697,FDE686,7233.96,0,0,7233.96,1629.8,5604.16
14697,FDE697,1740.82,0,0,1740.82,0,1740.82
14697,FDE699,0,0,67342,67342,256.11,67085.89
14697,FDE719,1145.21,0,0,1145.21,0,1145.21
14697,FDE720,0,0,0,0,50.64,-50.64
14697,FDE721,12888.97,0,0,12888.97,1730.56,11158.41
14697,FDE722,158.49,0,0,158.49,0,158.49
14697,FDE724,7035230.33,0,0,7035230.33,0,7035230.33
14697,FDE725,1858.12,0,0,1858.12,0,1858.12
14697,FDE730,7140.42,0,0,7140.42,0,7140.42
14697,FDE750,95296.62,0,0,95296.62,7191.97,88104.65
14697,FDE761,13848.66,0,0,13848.66,0,13848.66
14697,FDE767,16923.28,0,0,16923.28,17940.04,-1016.76
14697,FDE780,7074.21,0,0,7074.21,0,7074.21
14697,FDE782,72300.03,0,0,72300.03,0,72300.03
14697,FDE788,19400.42,0,0,19400.42,0,19400.42
14697,FDE795,0.13,0,0,0.13,0,0.13
14697,FDE798,4500,0,0,4500,31.95,4468.05
14697,FDE809,16767.18,0,0,16767.18,0,16767.18
14697,FDE814,1.28,0,0,1.28,0,1.28
14697,FDE817,106149.01,0,0,106149.01,0,106149.01
14697,FDE829,285.46,0,0,285.46,163.44,122.02
14697,FDE834,79484.16,0,0,79484.16,0,79484.16
14697,FDE837,23.6,0,0,23.6,0,23.6
14697,FDE839,99.44,0,0,99.44,0,99.44
14697,FDE843,172715.22,0,0,172715.22,0,172715.22
14697,FDE845,100802.45,0,0,100802.45,22013.68,78788.77
14697,FDE850,7254.89,0,0,7254.89,0,7254.89
14697,FDI001,985.8,0,0,985.8,0,985.8
14697,FDI010,381950.84,0,0,381950.84,0,381950.84
14697,FDI019,2537.87,0,0,2537.87,0,2537.87
14697,FDI032,238389.64,0,4726040,4964429.64,0,4964429.64
14697,FDIE05,3825.92,0,0,3825.92,0,3825.92
14697,FDL011,205.68,0,0,205.68,0,205.68
14697,FDL012,134597.96,0,0,134597.96,0,134597.96
14697,FDL028,142734.18,0,0,142734.18,0,142734.18
14697,FDL029,13.69,0,0,13.69,0,13.69
14697,FDLE10,21721.97,0,0,21721.97,0,21721.97
14697,JLD019,1909422.44,0,0,1909422.44,0,1909422.44
14697,JLD044,1281.38,0,0,1281.38,0,1281.38
14697,JLD067,351,0,0,351,0,351
14697,JLD092,351,0,0,351,0,351
14697,JLD169,351,0,0,351,0,351
14697,JLD293,2455.86,0,0,2455.86,0,2455.86
14697,JLD295,1499613.35,0,0,1499613.35,0,1499613.35
14697,LTC004,9005.04,0,0,9005.04,0,9005.04
14697,LTC013,45000,0,0,45000,0,45000
14697,SKM001,2832.83,0,0,2832.83,0,2832.83
