13-Aug-24,14697,09PK224,4166.4,2929.9,0,2929.9,1236.5
13-Aug-24,14697,09GBE03,4166.4,0,0,0,4166.4
13-Aug-24,14697,AHM3E15,25868.85,58266.15,0,58266.15,0
13-Aug-24,14697,14FD227,0,45240.51,0,45240.51,0
13-Aug-24,14697,FDE788,0,19400.42,0,19400.42,0
13-Aug-24,14697,AHM3E3,0,100,0,100,0
13-Aug-24,14697,FD479,0,19219707.92,0,19219707.92,0
13-Aug-24,14697,01BW022,0,16793.75,0,16793.75,0
13-Aug-24,14697,09GB071,0,14453.76,0,14453.76,0
13-Aug-24,14697,07AF007,0,41.6,0,41.6,0
13-Aug-24,14697,09PK129,4166.4,681.28,0,681.28,3485.12
13-Aug-24,14697,09GB067,4366.81,0,0,0,4366.81
13-Aug-24,14697,AHM3E6,24336.65,49505.55,0,49505.55,0
13-Aug-24,14697,01EQ001,1143719.22,1089352.78,31591.44,1120944.22,22775
13-Aug-24,14697,01BZ002,0,23175.86,0,23175.86,0
13-Aug-24,14697,09GDMK01,0,416.18,0,416.18,0
13-Aug-24,14697,AHM029,0,2307.06,0,2307.06,0
13-Aug-24,14697,FD027,0,5583.08,0,5583.08,0
13-Aug-24,14697,07FN087,0,666276.3,0,666276.3,0
13-Aug-24,14697,01BD001,0,461.04,0,461.04,0
13-Aug-24,14697,09GD058,0,7.27,0,7.27,0
13-Aug-24,14697,09PK119,4166.4,0,0,0,4166.4
13-Aug-24,14697,09GB264,4166.4,0,0,0,4166.4
13-Aug-24,14697,09GD016,2347.4,15223.09,0,15223.09,0
13-Aug-24,14697,09GB035,4166.4,0,0,0,4166.4
13-Aug-24,14697,AHM3E4,42664.45,105594.71,9725.6,115320.31,0
13-Aug-24,14697,09GB028,0,684.27,0,684.27,0
13-Aug-24,14697,09GB288,0,30702.95,0,30702.95,0
13-Aug-24,14697,09PK156,0,703.81,0,703.81,0
13-Aug-24,14697,09HS190,0,33.13,0,33.13,0
13-Aug-24,14697,01CF15,220.59,1055.35,0,1055.35,0
13-Aug-24,14697,09GB001,4282.75,13325.27,0,13325.27,0
13-Aug-24,14697,01CF13,45.55,255.58,0,255.58,0
13-Aug-24,14697,09PK104,4166.4,681.28,0,681.28,3485.12
13-Aug-24,14697,AHM3E7,225467.54,0,2029920,2029920,0
13-Aug-24,14697,11AA013,519.15,39403.58,197591.73,236995.31,0
13-Aug-24,14697,09GB377,1994,15000,0,15000,0
13-Aug-24,14697,09GB024,4166.4,2902.59,0,2902.59,1263.81
13-Aug-24,14697,07FDCIPL,6981.33,107724.91,0,107724.91,0
13-Aug-24,14697,01AH016,0,367573.39,0,367573.39,0
13-Aug-24,14697,01SD005,0,42492.92,0,42492.92,0
13-Aug-24,14697,FD671,0,531.62,0,531.62,0
13-Aug-24,14697,07DP006,0,12847.31,0,12847.31,0
13-Aug-24,14697,07FN076,0,57.03,0,57.03,0
13-Aug-24,14697,01CFG24,0,264829.28,0,264829.28,0
13-Aug-24,14697,09GB282,2347.39,15223.03,0,15223.03,0
13-Aug-24,14697,FDE554,0,5.89,0,5.89,0
13-Aug-24,14697,FD287,0,7640.33,0,7640.33,0
13-Aug-24,14697,07BT014,0,26433.69,0,26433.69,0
13-Aug-24,14697,07FD414,0,781.93,0,781.93,0
13-Aug-24,14697,09GDJD02,0,1000,0,1000,0
13-Aug-24,14697,17FD049,0,29085.84,0,29085.84,0
13-Aug-24,14697,FD100,0,1797.12,0,1797.12,0
13-Aug-24,14697,08FD069,0,78.76,0,78.76,0
13-Aug-24,14697,07EM019,0,1050.21,0,1050.21,0
13-Aug-24,14697,07FN024,0,154385.13,0,154385.13,0
13-Aug-24,14697,01AT332,0,957.81,0,957.81,0
13-Aug-24,14697,09GB275,0,14458.27,0,14458.27,0
13-Aug-24,14697,09HS202,0,11.19,0,11.19,0
13-Aug-24,14697,09GB329,0,1536.06,0,1536.06,0
13-Aug-24,14697,AHME16,11971.83,60733.39,0,60733.39,0
13-Aug-24,14697,09PK154,4166.4,684.27,0,684.27,3482.13
13-Aug-24,14697,01BV008,2024.04,10817.48,0,10817.48,0
13-Aug-24,14697,09GB085,4284.8,0,0,0,4284.8
13-Aug-24,14697,08FD061,0,3318.44,0,3318.44,0
13-Aug-24,14697,09PK112,0,15667.06,0,15667.06,0
13-Aug-24,14697,09GDMP01,0,681.28,0,681.28,0
13-Aug-24,14697,09PK231,0,6793.85,237099.17,243893.02,0
13-Aug-24,14697,09GDCK01,0,684.27,0,684.27,0
13-Aug-24,14697,01ET003,0,39813.37,0,39813.37,0
13-Aug-24,14697,01AT398,0,2005.38,0,2005.38,0
13-Aug-24,14697,FD877,0,183.28,0,183.28,0
13-Aug-24,14697,07FTE01,0,187205.7,0,187205.7,0
13-Aug-24,14697,07FT035,0,313.59,0,313.59,0
13-Aug-24,14697,07CR125,0,133.84,0,133.84,0
13-Aug-24,14697,08AC001,0,43.94,0,43.94,0
13-Aug-24,14697,09HS198,0,17123.51,0,17123.51,0
13-Aug-24,14697,09PK085,0,2044.87,0,2044.87,0
13-Aug-24,14697,01FK039,0,0,70896.76,70896.76,0
13-Aug-24,14697,07FD214,0,23679.26,0,23679.26,0
13-Aug-24,14697,09GD031,0,7132.99,0,7132.99,0
13-Aug-24,14697,09GB356,0,18224.35,0,18224.35,0
13-Aug-24,14697,01AX026,0,50000,0,50000,0
13-Aug-24,14697,01DA003,0,6492.35,0,6492.35,0
13-Aug-24,14697,07FV004,0,649,0,649,0
13-Aug-24,14697,11FD020,0,6647.95,0,6647.95,0
13-Aug-24,14697,11AA077,0,5171.42,0,5171.42,0
13-Aug-24,14697,07EM033,0,0,448600.89,448600.89,0
13-Aug-24,14697,07EM039,0,0,247912.8,247912.8,0
13-Aug-24,14697,01GBE03,0,531.85,0,531.85,0
13-Aug-24,14697,07IDE63,0,5206.47,0,5206.47,0
13-Aug-24,14697,FDE817,0,106149.01,0,106149.01,0
13-Aug-24,14697,09GB158,4166.4,0,0,0,4166.4
13-Aug-24,14697,07FD383,3391.52,16975.06,0,16975.06,0
13-Aug-24,14697,09PK102,4386.42,0,0,0,4386.42
13-Aug-24,14697,07IZ001,206.84,1160.32,0,1160.32,0
13-Aug-24,14697,A1BA029,0,1656.23,0,1656.23,0
13-Aug-24,14697,09GDKB01,0,2203.57,0,2203.57,0
13-Aug-24,14697,09PK028,0,683.27,0,683.27,0
13-Aug-24,14697,09GDGP01,0,683.27,0,683.27,0
13-Aug-24,14697,09GB237,0,30541.21,0,30541.21,0
13-Aug-24,14697,09GDAP01,0,2841.41,0,2841.41,0
13-Aug-24,14697,01AT389,0,1878.5,0,1878.5,0
13-Aug-24,14697,07HD015,0,2167.03,0,2167.03,0
13-Aug-24,14697,01CG51,0,1783.26,0,1783.26,0
13-Aug-24,14697,07FD356,0,2201.53,0,2201.53,0
13-Aug-24,14697,FDE837,0,23.6,0,23.6,0
13-Aug-24,14697,07GV011,17625.2,239556.37,0,239556.37,0
13-Aug-24,14697,09GB353,333,5161.31,0,5161.31,0
13-Aug-24,14697,09GB351,4634.44,5159.73,0,5159.73,0
13-Aug-24,14697,07FN038,66500,346.23,17810752.96,17811099.19,0
13-Aug-24,14697,09GB318,4166.4,0,0,0,4166.4
13-Aug-24,14697,09HS101,0,0,123261.74,123261.74,0
13-Aug-24,14697,FD1130,0,393.42,0,393.42,0
13-Aug-24,14697,09PK191,0,3300,0,3300,0
13-Aug-24,14697,FDE292,0,0.74,0,0.74,0
13-Aug-24,14697,JLD044,0,1281.38,0,1281.38,0
13-Aug-24,14697,09GB146,0,2425.77,0,2425.77,0
13-Aug-24,14697,07FT036,0,507.93,0,507.93,0
13-Aug-24,14697,FD069,0,222.3,0,222.3,0
13-Aug-24,14697,14697,4025329.61,200000000,131.86,200000131.9,0
13-Aug-24,14697,09GB188,2368.39,15097.32,0,15097.32,0
13-Aug-24,14697,09PK083,116.49,15016.8,0,15016.8,0
13-Aug-24,14697,07DWE51,11195.94,14035.45,0,14035.45,0
13-Aug-24,14697,01CNE83,63371.1,171210.89,0,171210.89,0
13-Aug-24,14697,09PK082,4166.4,1800,0,1800,2366.4
13-Aug-24,14697,09GB008,0,681.28,0,681.28,0
13-Aug-24,14697,FD761,0,0,1465200,1465200,0
13-Aug-24,14697,07CR021,0,0,114998.98,114998.98,0
13-Aug-24,14697,07CR444,0,4481.21,0,4481.21,0
13-Aug-24,14697,11AA048,0,0,22506.63,22506.63,0
13-Aug-24,14697,FD739,0,1279.81,0,1279.81,0
13-Aug-24,14697,01CNA9,0,12129.85,0,12129.85,0
13-Aug-24,14697,01AB002,0,1964.52,0,1964.52,0
13-Aug-24,14697,09FD073,0,87.25,0,87.25,0
13-Aug-24,14697,07HD032,0,929.75,0,929.75,0
13-Aug-24,14697,07MCE2,0,61.42,0,61.42,0
13-Aug-24,14697,09GD013,2347.4,15000.21,0,15000.21,0
13-Aug-24,14697,FD584,576.45,0,0,0,576.45
13-Aug-24,14697,07BW019,3729,280833.1,619402.6,900235.7,0
13-Aug-24,14697,09PK126,4166.4,0,0,0,4166.4
13-Aug-24,14697,09GD024,2347.4,15189.97,0,15189.97,0
13-Aug-24,14697,09GB166,4166.4,0,0,0,4166.4
13-Aug-24,14697,01FK053,0,719.99,0,719.99,0
13-Aug-24,14697,09PK023,2369.32,13451.24,0,13451.24,0
13-Aug-24,14697,09PK233,0,23438.82,0,23438.82,0
13-Aug-24,14697,09GB242,0,2425.77,0,2425.77,0
13-Aug-24,14697,09GB105,0,14534.25,0,14534.25,0
13-Aug-24,14697,01AT364,0,2440.14,0,2440.14,0
13-Aug-24,14697,01AT048,8299.6,13241.34,0,13241.34,0
13-Aug-24,14697,09PK128,4166.4,3123.95,0,3123.95,1042.45
13-Aug-24,14697,A1BA176,18425,36534.35,0,36534.35,0
13-Aug-24,14697,07FD340,4620,60464.77,0,60464.77,0
13-Aug-24,14697,07HD051,579.24,3040.79,0,3040.79,0
13-Aug-24,14697,07CR006,4127.04,45320.3,0,45320.3,0
13-Aug-24,14697,01AH023,9076489.81,25212842.94,0,25212842.94,0
13-Aug-24,14697,09GDDB01,0,15793.71,0,15793.71,0
13-Aug-24,14697,FD046,0,518.38,0,518.38,0
13-Aug-24,14697,07HD014,0,393.93,0,393.93,0
13-Aug-24,14697,07JC03,0,105.99,0,105.99,0
13-Aug-24,14697,09GB026,2370.16,14076.81,0,14076.81,0
13-Aug-24,14697,09VA003,20794.6,25166.45,0,25166.45,0
13-Aug-24,14697,09GB088,4384,0,0,0,4384
13-Aug-24,14697,09GB287,4166.4,14457.43,0,14457.43,0
13-Aug-24,14697,01CNE34,4166.4,15847.77,0,15847.77,0
13-Aug-24,14697,07FT007,48947.84,132987.15,0,132987.15,0
13-Aug-24,14697,FD871,0,1099.26,88512.48,89611.74,0
13-Aug-24,14697,FDL028,0,142767.22,0,142767.22,0
13-Aug-24,14697,07BH002,0,2728.85,0,2728.85,0
13-Aug-24,14697,01CFAK13,0,649.75,0,649.75,0
13-Aug-24,14697,01CF112,0,1640.19,0,1640.19,0
13-Aug-24,14697,01FK095,0,172.42,0,172.42,0
13-Aug-24,14697,09GB250,0,2423.96,0,2423.96,0
13-Aug-24,14697,07BC027,0,265.22,0,265.22,0
13-Aug-24,14697,01BW004,0,17472.5,6689.6,24162.1,0
13-Aug-24,14697,FDE627,0,11.23,0,11.23,0
13-Aug-24,14697,07HD025,0,697.9,0,697.9,0
13-Aug-24,14697,09FD220,0,0,67053.52,67053.52,0
13-Aug-24,14697,09FD5656,0,0,131666.51,131666.51,0
13-Aug-24,14697,FDE719,0,1145.21,0,1145.21,0
13-Aug-24,14697,09PK116,0,14402,0,14402,0
13-Aug-24,14697,09PK065,0,17170.67,0,17170.67,0
13-Aug-24,14697,09PK132,0,36223.97,0,36223.97,0
13-Aug-24,14697,11AA081,0,32121.06,0,32121.06,0
13-Aug-24,14697,JLD019,0,1909438.96,0,1909438.96,0
13-Aug-24,14697,07EU001,0,11147.2,0,11147.2,0
13-Aug-24,14697,AHM037,0,5005.56,0,5005.56,0
13-Aug-24,14697,01CA0075,2224,0,0,0,2224
13-Aug-24,14697,03AM003,0,75790.11,0,75790.11,0
13-Aug-24,14697,09HS059,0,1317.27,0,1317.27,0
13-Aug-24,14697,01AX011,0,22597.34,0,22597.34,0
13-Aug-24,14697,09PK087,4300.8,0,0,0,4300.8
13-Aug-24,14697,09GB122,4166.4,0,0,0,4166.4
13-Aug-24,14697,01HF001,0,2266.34,0,2266.34,0
13-Aug-24,14697,FD252,0,1409471.24,0,1409471.24,0
13-Aug-24,14697,01CA0119,0,0.12,0,0.12,0
13-Aug-24,14697,07BH017,0,139.1,0,139.1,0
13-Aug-24,14697,07ED032,0,445.3,0,445.3,0
13-Aug-24,14697,09HS2013,0,0,7108.04,7108.04,0
13-Aug-24,14697,FDE684,0,169.77,0,169.77,0
13-Aug-24,14697,07ID029,0,9098.13,0,9098.13,0
13-Aug-24,14697,07EU004,0,14.94,0,14.94,0
13-Aug-24,14697,FD681,0,218.32,0,218.32,0
13-Aug-24,14697,11AA024,1526.26,21532.85,67201.12,88733.97,0
13-Aug-24,14697,07FTE05,52346.64,609845.29,0,609845.29,0
13-Aug-24,14697,09GB061,4166.4,0,0,0,4166.4
13-Aug-24,14697,01BA021,683.04,899.81,0,899.81,0
13-Aug-24,14697,09GB346,332.9,21366,0,21366,0
13-Aug-24,14697,09PK031,2369.46,13451.24,0,13451.24,0
13-Aug-24,14697,07AD013,0,320289.8,0,320289.8,0
13-Aug-24,14697,09GDGM01,0,29190.97,0,29190.97,0
13-Aug-24,14697,07EF001,0,13615.41,0,13615.41,0
13-Aug-24,14697,09PK235,0,683.27,0,683.27,0
13-Aug-24,14697,09GDJB01,0,2839.56,0,2839.56,0
13-Aug-24,14697,09GB184,0,2425.77,0,2425.77,0
13-Aug-24,14697,09GB009,0,2855.9,0,2855.9,0
13-Aug-24,14697,07FD318,0,2286.24,0,2286.24,0
13-Aug-24,14697,09PK115,0,15647.62,0,15647.62,0
13-Aug-24,14697,07DM017,0,6351.6,0,6351.6,0
13-Aug-24,14697,07FD171,0,11445.21,0,11445.21,0
13-Aug-24,14697,03FD127,0,1137.45,1815264,1816401.45,0
13-Aug-24,14697,11AA037,0,630.19,0,630.19,0
13-Aug-24,14697,14FD027,9040,412153.54,0,412153.54,0
13-Aug-24,14697,08FDE10,0,23.36,0,23.36,0
13-Aug-24,14697,09PK122,0,683.57,0,683.57,0
13-Aug-24,14697,JLD295,0,1499613.35,0,1499613.35,0
13-Aug-24,14697,09PK226,0,710.84,0,710.84,0
13-Aug-24,14697,FD244,0,40.05,0,40.05,0
13-Aug-24,14697,09GB020,0,16540.02,0,16540.02,0
13-Aug-24,14697,FD264,0,267.22,0,267.22,0
13-Aug-24,14697,07FT026,0,1671.27,0,1671.27,0
13-Aug-24,14697,04FD081,0,96.38,0,96.38,0
13-Aug-24,14697,07DW079,0,135.45,0,135.45,0
13-Aug-24,14697,09GB021,0,684.27,0,684.27,0
13-Aug-24,14697,01CF111,0,9850.06,0,9850.06,0
13-Aug-24,14697,01DM013,0,28492.27,0,28492.27,0
13-Aug-24,14697,01JBE03,0,9773.03,0,9773.03,0
13-Aug-24,14697,FDE808,0,97.96,0,97.96,0
13-Aug-24,14697,01SD003,0,358.02,0,358.02,0
13-Aug-24,14697,FDE843,0,172715.22,0,172715.22,0
13-Aug-24,14697,14FD007,0,7701.06,0,7701.06,0
13-Aug-24,14697,FD700,0,589,0,589,0
13-Aug-24,14697,01FO019,0,47109.58,0,47109.58,0
13-Aug-24,14697,01CGE54,0,17725.09,0,17725.09,0
13-Aug-24,14697,01AT190,0,0,528458.91,528458.91,0
13-Aug-24,14697,09GDNM01,0,683.27,0,683.27,0
13-Aug-24,14697,09PK106,0,2902.44,0,2902.44,0
13-Aug-24,14697,01FK067,0,85669.11,0,85669.11,0
13-Aug-24,14697,01AT251,0,5534.32,0,5534.32,0
13-Aug-24,14697,08FD060,0,1461.98,0,1461.98,0
13-Aug-24,14697,FD1018,0,74390.82,0,74390.82,0
13-Aug-24,14697,07FD085,0,17.97,0,17.97,0
13-Aug-24,14697,07BE010,0,29.85,0,29.85,0
13-Aug-24,14697,FD603,0,767.69,0,767.69,0
13-Aug-24,14697,09GD009,2347.4,15190.33,0,15190.33,0
13-Aug-24,14697,09PK110,4166.4,1520.6,0,1520.6,2645.8
13-Aug-24,14697,07FD064,0,53.5,0,53.5,0
13-Aug-24,14697,07FD256,0,1787.76,0,1787.76,0
13-Aug-24,14697,09GB006,0,1333.16,0,1333.16,0
13-Aug-24,14697,09PK114,0,3119.85,0,3119.85,0
13-Aug-24,14697,01AT195,0,32628.21,0,32628.21,0
13-Aug-24,14697,11AA154,0,30941.14,0,30941.14,0
13-Aug-24,14697,01CNA8,0,10191.94,0,10191.94,0
13-Aug-24,14697,FDE809,0,16767.18,0,16767.18,0
13-Aug-24,14697,07HD050,10265.23,621.88,0,621.88,9643.35
13-Aug-24,14697,09GB090,4203.84,0,0,0,4203.84
13-Aug-24,14697,09PK237,4166.4,9608.29,0,9608.29,0
13-Aug-24,14697,09GB348,4289.92,0,0,0,4289.92
13-Aug-24,14697,09PK027,4166.4,683.27,0,683.27,3483.13
13-Aug-24,14697,09GB115,4166.4,2425.77,0,2425.77,1740.63
13-Aug-24,14697,AHM001,60412.8,55476.78,0,55476.78,4936.02
13-Aug-24,14697,09GDRH01,4166.4,30571.55,0,30571.55,0
13-Aug-24,14697,09FD215,14031.14,10226.77,0,10226.77,3804.37
13-Aug-24,14697,03AM025,0,2173.92,0,2173.92,0
13-Aug-24,14697,11AD026,0,1114.57,0,1114.57,0
13-Aug-24,14697,09GB293,0,16085.07,0,16085.07,0
13-Aug-24,14697,07HD001,0,1568.97,0,1568.97,0
13-Aug-24,14697,07JCE02,0,33580.14,0,33580.14,0
13-Aug-24,14697,09HS195,0,87268.92,0,87268.92,0
13-Aug-24,14697,07IP002,137.91,137.99,0,137.99,0
13-Aug-24,14697,09GB196,2347.4,15189.97,0,15189.97,0
13-Aug-24,14697,01AX222,36823.24,59655.73,0,59655.73,0
13-Aug-24,14697,AHM3E2,92462,174314.48,24314,198628.48,0
13-Aug-24,14697,AHM011,0,4203704.03,0,4203704.03,0
13-Aug-24,14697,07CR092,0,8015.45,0,8015.45,0
13-Aug-24,14697,09GB197,0,3849.51,0,3849.51,0
13-Aug-24,14697,09PK149,4166.4,14459.27,0,14459.27,0
13-Aug-24,14697,07CR027,4300.8,41733.93,68791.42,110525.35,0
13-Aug-24,14697,09GD010,62579.49,15189.97,0,15189.97,47389.52
13-Aug-24,14697,09GD006,0,14947.91,0,14947.91,0
13-Aug-24,14697,FD025,0,0,171364,171364,0
13-Aug-24,14697,07FD192,0,267.09,0,267.09,0
13-Aug-24,14697,07GV009,0,3643.08,0,3643.08,0
13-Aug-24,14697,FDE761,0,13848.66,0,13848.66,0
13-Aug-24,14697,01CF114,0,13582.93,0,13582.93,0
13-Aug-24,14697,07IR003,2222.2,3203.53,0,3203.53,0
13-Aug-24,14697,09PK238,4166.4,683.57,0,683.57,3482.83
13-Aug-24,14697,01AT244,0,3.23,0,3.23,0
13-Aug-24,14697,01BA019,0,203675.69,0,203675.69,0
13-Aug-24,14697,01CFAK1,0,40.4,0,40.4,0
13-Aug-24,14697,FDE639,0,69853.44,215712,285565.44,0
13-Aug-24,14697,07FN019,0,0,24445.54,24445.54,0
13-Aug-24,14697,09GDJP01,4166.4,681.28,0,681.28,3485.12
13-Aug-24,14697,FD133,0,355.45,0,355.45,0
13-Aug-24,14697,11AA101,0,17907.01,0,17907.01,0
13-Aug-24,14697,09GB323,0,8909.26,0,8909.26,0
13-Aug-24,14697,FD1104,0,355.67,0,355.67,0
13-Aug-24,14697,FDE670,0,70599.76,389316.37,459916.13,0
13-Aug-24,14697,FDE641,0,5301.77,0,5301.77,0
13-Aug-24,14697,AHME77,0,242424.52,0,242424.52,0
13-Aug-24,14697,07IM002,0,208.16,0,208.16,0
13-Aug-24,14697,01AT458,0,1039.74,0,1039.74,0
13-Aug-24,14697,03FD170,0,274663.61,0,274663.61,0
13-Aug-24,14697,07GV008,0,16446.32,0,16446.32,0
13-Aug-24,14697,FDE452,0,111.04,0,111.04,0
13-Aug-24,14697,FDE443,23.03,1365.53,0,1365.53,0
13-Aug-24,14697,07IR002,952.8,1749.54,0,1749.54,0
13-Aug-24,14697,09GDSK01,4166.4,78992.99,0,78992.99,0
13-Aug-24,14697,FDE795,0,0.13,0,0.13,0
13-Aug-24,14697,FDE798,0,4500,0,4500,0
13-Aug-24,14697,FDL029,0,13.69,0,13.69,0
13-Aug-24,14697,09GD050,0,84.64,0,84.64,0
13-Aug-24,14697,07CR016,30191.5,264244.25,1092538.8,1356783.05,0
13-Aug-24,14697,09GB340,333,6787.74,0,6787.74,0
13-Aug-24,14697,07FN072,3993.15,63827.1,0,63827.1,0
13-Aug-24,14697,01BM001,1541943.65,73526,0,73526,1468417.65
13-Aug-24,14697,FD079,0,6332.44,0,6332.44,0
13-Aug-24,14697,A1BA130,0,600.44,0,600.44,0
13-Aug-24,14697,01FG078,0,600,0,600,0
13-Aug-24,14697,03FD036,0,4636.4,458400,463036.4,0
13-Aug-24,14697,FD1074,0,10059.79,0,10059.79,0
13-Aug-24,14697,07BT010,0,182.3,0,182.3,0
13-Aug-24,14697,07DW090,0,0.3,0,0.3,0
13-Aug-24,14697,04BL018,0,1503.11,0,1503.11,0
13-Aug-24,14697,09PK239,4166.4,227720.71,0,227720.71,0
13-Aug-24,14697,FD879,3803.9,40482.3,0,40482.3,0
13-Aug-24,14697,09PK242,4393.05,0,0,0,4393.05
13-Aug-24,14697,07BL001,0,6038.12,0,6038.12,0
13-Aug-24,14697,09PK230,0,681.28,0,681.28,0
13-Aug-24,14697,01BW020,0,1338.41,0,1338.41,0
13-Aug-24,14697,07FD269,0,57.7,0,57.7,0
13-Aug-24,14697,07CR004,0,625.3,0,625.3,0
13-Aug-24,14697,01FK069,0,0.75,0,0.75,0
13-Aug-24,14697,01AX027,0,2244.46,0,2244.46,0
13-Aug-24,14697,07EME11,0,14.04,0,14.04,0
13-Aug-24,14697,17PP003,0,2.65,0,2.65,0
13-Aug-24,14697,08FD095,0,67.61,0,67.61,0
13-Aug-24,14697,09PK111,4166.4,49433.06,0,49433.06,0
13-Aug-24,14697,07BK005,166.52,870.96,0,870.96,0
13-Aug-24,14697,07EM027,1321.82,9876.33,69366,79242.33,0
13-Aug-24,14697,09GD002,333.4,19541.97,0,19541.97,0
13-Aug-24,14697,01GBE01,4380.4,8453.21,0,8453.21,0
13-Aug-24,14697,FD775,0,211582.24,0,211582.24,0
13-Aug-24,14697,07CR002,0,2101.53,0,2101.53,0
13-Aug-24,14697,A1BA159,0,251.65,0,251.65,0
13-Aug-24,14697,01CF135,4166.4,4.18,0,4.18,4162.22
13-Aug-24,14697,01CNE82,4166.4,13642.89,0,13642.89,0
13-Aug-24,14697,FD464,86759.9,0,0,0,86759.9
13-Aug-24,14697,09PK189,4166.4,16036.24,0,16036.24,0
13-Aug-24,14697,09GB336,332.91,6808.88,0,6808.88,0
13-Aug-24,14697,09GB337,4668.04,4191.39,0,4191.39,476.65
13-Aug-24,14697,FD831,0,320.31,0,320.31,0
13-Aug-24,14697,07EM089,0,28080.07,0,28080.07,0
13-Aug-24,14697,09GB103,0,14735.44,0,14735.44,0
13-Aug-24,14697,09PK120,2019.8,14433.47,0,14433.47,0
13-Aug-24,14697,07FDN012,5416.13,0,47576.85,47576.85,0
13-Aug-24,14697,09PK124,0,2386.59,0,2386.59,0
13-Aug-24,14697,01AT333,0,11727.56,0,11727.56,0
13-Aug-24,14697,01CNE25,0,8643.32,0,8643.32,0
13-Aug-24,14697,09PK158,2369.31,13451.24,0,13451.24,0
13-Aug-24,14697,17HS006,2843.53,17321.76,0,17321.76,0
13-Aug-24,14697,FDI019,0,2576.73,0,2576.73,0
13-Aug-24,14697,JLD092,0,351,0,351,0
13-Aug-24,14697,09PK050,0,267.83,0,267.83,0
13-Aug-24,14697,07EM028,1435.23,9182.4,124920,134102.4,0
13-Aug-24,14697,01AH070,2339016.51,1965625.58,0,1965625.58,373390.93
13-Aug-24,14697,07FT040,2743.64,87449.73,0,87449.73,0
13-Aug-24,14697,09PK184,4377.6,0,0,0,4377.6
13-Aug-24,14697,AHM3E13,41055,87740.68,0,87740.68,0
13-Aug-24,14697,01AX030,23532.16,12595.69,0,12595.69,10936.47
13-Aug-24,14697,09GB143,0,20743.82,0,20743.82,0
13-Aug-24,14697,01CNA12,0,10186.77,0,10186.77,0
13-Aug-24,14697,FD323,15377.13,119681.34,0,119681.34,0
13-Aug-24,14697,08FD034,1166,18923.41,0,18923.41,0
13-Aug-24,14697,A1BA135,0,12418.11,0,12418.11,0
13-Aug-24,14697,01AT058,0,235.17,37537.92,37773.09,0
13-Aug-24,14697,07FN043,0,3635.28,157788,161423.28,0
13-Aug-24,14697,07EM029,0,23914.92,244455.39,268370.31,0
13-Aug-24,14697,AHM3E10,46923.4,109870.94,0,109870.94,0
13-Aug-24,14697,11AIE07,2763.75,2879.62,0,2879.62,0
13-Aug-24,14697,09GD011,333.4,16224.69,0,16224.69,0
13-Aug-24,14697,09GDAK01,0,0.06,0,0.06,0
13-Aug-24,14697,01AT412,0,1321.48,6412,7733.48,0
13-Aug-24,14697,07FD401,0,92.07,0,92.07,0
13-Aug-24,14697,07IM003,0,42.41,0,42.41,0
13-Aug-24,14697,07CR087,0,765.59,0,765.59,0
13-Aug-24,14697,09KS019,0,16946.97,0,16946.97,0
13-Aug-24,14697,FD757,0,150563.32,0,150563.32,0
13-Aug-24,14697,07DWE56,0,2140.5,0,2140.5,0
13-Aug-24,14697,01AT050,0,2761.19,0,2761.19,0
13-Aug-24,14697,09GB012,0,2816.45,0,2816.45,0
13-Aug-24,14697,FDE686,0,7233.96,0,7233.96,0
13-Aug-24,14697,07FN089,0,89239.62,568781.2,658020.82,0
13-Aug-24,14697,FDE514,0,407.03,0,407.03,0
13-Aug-24,14697,01AT434,0,912.45,0,912.45,0
13-Aug-24,14697,FDE725,0,1858.12,0,1858.12,0
13-Aug-24,14697,07BH005,0,3493.16,0,3493.16,0
13-Aug-24,14697,07GV004,164494.37,992796.51,0,992796.51,0
13-Aug-24,14697,09FD6565,1654.8,0,72564.97,72564.97,0
13-Aug-24,14697,07FN017,9756,57531.95,1636081.12,1693613.07,0
13-Aug-24,14697,FD267,7642.21,36816.05,0,36816.05,0
13-Aug-24,14697,11AA030,723.38,4714.05,0,4714.05,0
13-Aug-24,14697,09PK188,4166.4,0,0,0,4166.4
13-Aug-24,14697,FDE720,79.5,1000,0,1000,0
13-Aug-24,14697,09GB134,4166.4,0,0,0,4166.4
13-Aug-24,14697,01DME19,0,173893.65,0,173893.65,0
13-Aug-24,14697,01AT438,0,198019.78,0,198019.78,0
13-Aug-24,14697,01CNE42,0,423753.66,0,423753.66,0
13-Aug-24,14697,09PK020,2369.53,14075.92,0,14075.92,0
13-Aug-24,14697,AHM3E9,19895.15,35556.3,0,35556.3,0
13-Aug-24,14697,FD346,109203,1361123.41,4416984.06,5778107.47,0
13-Aug-24,14697,11AA047,0,0,1622.7,1622.7,0
13-Aug-24,14697,09GB175,0,4197.86,0,4197.86,0
13-Aug-24,14697,FDE649,0,1428.01,0,1428.01,0
13-Aug-24,14697,09GB010,0,24192.78,0,24192.78,0
13-Aug-24,14697,01DM006,0,251782.5,0,251782.5,0
13-Aug-24,14697,07AT026,0,598.12,0,598.12,0
13-Aug-24,14697,07HB004,0,351,0,351,0
13-Aug-24,14697,09GB274,0,2425.77,0,2425.77,0
13-Aug-24,14697,01MJE11,0,2978460.2,0,2978460.2,0
13-Aug-24,14697,07FD279,0,3173.26,0,3173.26,0
13-Aug-24,14697,FD948,0,11419.19,0,11419.19,0
13-Aug-24,14697,07FN070,0,10990.73,0,10990.73,0
13-Aug-24,14697,01AT075,0,33681.33,12827.26,46508.59,0
13-Aug-24,14697,09GDKG01,0,681.28,0,681.28,0
13-Aug-24,14697,03FD133,0,79.95,0,79.95,0
13-Aug-24,14697,09PK181,0,17324.82,0,17324.82,0
13-Aug-24,14697,11AD011,0,360.05,0,360.05,0
13-Aug-24,14697,01BW009,0,435905.13,0,435905.13,0
13-Aug-24,14697,01BW012,0,30064.11,0,30064.11,0
13-Aug-24,14697,01BW011,0,88504.47,0,88504.47,0
13-Aug-24,14697,FD134,10441.2,0,1291307,1291307,0
13-Aug-24,14697,09GB265,0,14735.44,0,14735.44,0
13-Aug-24,14697,09PK164,0,330,0,330,0
13-Aug-24,14697,09GB365,4288,0,0,0,4288
13-Aug-24,14697,AHM3E16,16852.35,34928.48,4862.8,39791.28,0
13-Aug-24,14697,FD675,7919.82,40390.85,0,40390.85,0
13-Aug-24,14697,09GB310,1994,15000,0,15000,0
13-Aug-24,14697,FDE767,14224.28,60000,0,60000,0
13-Aug-24,14697,AHM3E22,240716.95,393427.69,0,393427.69,0
13-Aug-24,14697,09FD335,3023,35302.02,0,35302.02,0
13-Aug-24,14697,01AT213,0,4104.28,0,4104.28,0
13-Aug-24,14697,09PK216,0,683.57,0,683.57,0
13-Aug-24,14697,09GB011,0,235215.56,0,235215.56,0
13-Aug-24,14697,09GB190,0,379.94,0,379.94,0
13-Aug-24,14697,07FN067,0,730.62,0,730.62,0
13-Aug-24,14697,08RA015,0,279.54,0,279.54,0
13-Aug-24,14697,AHM009,0,207741.9,0,207741.9,0
13-Aug-24,14697,FDE782,0,72300.03,0,72300.03,0
13-Aug-24,14697,07ID002,0,471976.24,0,471976.24,0
13-Aug-24,14697,FD962,0,18446.95,0,18446.95,0
13-Aug-24,14697,LTC004,0,9005.04,0,9005.04,0
13-Aug-24,14697,11AD002,5316.38,5533.53,0,5533.53,0
13-Aug-24,14697,FD077,362896.46,2998779.72,0,2998779.72,0
13-Aug-24,14697,09GDIP01,4166.4,52512.57,0,52512.57,0
13-Aug-24,14697,01CNE91,4166.4,0,0,0,4166.4
13-Aug-24,14697,FD1005,0,5596.8,0,5596.8,0
13-Aug-24,14697,11AA028,0,1202.15,0,1202.15,0
13-Aug-24,14697,09GB003,0,3803.37,0,3803.37,0
13-Aug-24,14697,09PK190,0,13295.79,0,13295.79,0
13-Aug-24,14697,07FD405,419.97,2461.55,0,2461.55,0
13-Aug-24,14697,09PK123,4166.4,19357.78,0,19357.78,0
13-Aug-24,14697,01AT022,1300063.57,95636.24,0,95636.24,1204427.33
13-Aug-24,14697,FD142,5213.4,7460.93,950193.64,957654.57,0
13-Aug-24,14697,09HS031,4166.4,47518.86,37916.92,85435.78,0
13-Aug-24,14697,AHM036,10223.4,50495.81,0,50495.81,0
13-Aug-24,14697,09GB187,2369.43,13451.24,0,13451.24,0
13-Aug-24,14697,09GB312,1994,15000,0,15000,0
13-Aug-24,14697,09GB138,2347.4,15189.72,0,15189.72,0
13-Aug-24,14697,17FD006,176,1100.67,0,1100.67,0
13-Aug-24,14697,01AT160,9700,16215.34,100502.97,116718.31,0
13-Aug-24,14697,09GD021,2347.4,15189.97,0,15189.97,0
13-Aug-24,14697,09HS021,15082,53758.53,0,53758.53,0
13-Aug-24,14697,LTC011,45052.8,0,0,0,45052.8
13-Aug-24,14697,09GB218,2347.4,15181.51,0,15181.51,0
13-Aug-24,14697,FD781,15685.59,26560.47,0,26560.47,0
13-Aug-24,14697,09GDJV01,0,3099.42,0,3099.42,0
13-Aug-24,14697,09GDAD01,0,3087.87,0,3087.87,0
13-Aug-24,14697,07CR008,0,237.1,0,237.1,0
13-Aug-24,14697,09HS196,0,21.19,0,21.19,0
13-Aug-24,14697,03AK046,0,2569.01,1189612.86,1192181.87,0
13-Aug-24,14697,09CK105,0,60866.48,0,60866.48,0
13-Aug-24,14697,09GD008,333.4,19541.7,0,19541.7,0
13-Aug-24,14697,09PK042,4166.4,2811.63,0,2811.63,1354.77
13-Aug-24,14697,11AA039,0,31406.23,0,31406.23,0
13-Aug-24,14697,01AT167,0,7506.71,0,7506.71,0
13-Aug-24,14697,FD151,0,12109.82,512048.8,524158.62,0
13-Aug-24,14697,03FD045,0,148541.95,0,148541.95,0
13-Aug-24,14697,01EQ002,0,2181966.7,0,2181966.7,0
13-Aug-24,14697,SKM001,0,10604.01,0,10604.01,0
13-Aug-24,14697,01SK001,0,5208.49,0,5208.49,0
13-Aug-24,14697,11AD018,0,2416.24,0,2416.24,0
13-Aug-24,14697,01AT222,0,2070.87,0,2070.87,0
13-Aug-24,14697,11FD017,0,13283.5,0,13283.5,0
13-Aug-24,14697,07FN060,0,1836.79,317637.62,319474.41,0
13-Aug-24,14697,09FD334,0,1026.48,0,1026.48,0
13-Aug-24,14697,01FK001,0,0,41886.4,41886.4,0
13-Aug-24,14697,FD343,0,514.11,0,514.11,0
13-Aug-24,14697,09PK143,0,3082.4,0,3082.4,0
13-Aug-24,14697,09GB267,0,30409.01,0,30409.01,0
13-Aug-24,14697,07APAK21,0,7.91,0,7.91,0
13-Aug-24,14697,04FD320,0,8652.62,0,8652.62,0
13-Aug-24,14697,FD542,0,13938.55,0,13938.55,0
13-Aug-24,14697,07FN053,0,33.26,0,33.26,0
13-Aug-24,14697,FDE780,0,8052.91,0,8052.91,0
13-Aug-24,14697,FD796,0,158836,0,158836,0
13-Aug-24,14697,01AHE02,42156.93,211165.77,0,211165.77,0
13-Aug-24,14697,08FD096,401.36,3488.47,0,3488.47,0
13-Aug-24,14697,09GD07,60076.81,0,0,0,60076.81
13-Aug-24,14697,01CN002,4166.4,0,0,0,4166.4
13-Aug-24,14697,09GB171,4166.4,0,0,0,4166.4
13-Aug-24,14697,09PK041,4282.94,15016.8,0,15016.8,0
13-Aug-24,14697,09GB270,4166.4,122.04,0,122.04,4044.36
13-Aug-24,14697,09GB109,4166.4,0,0,0,4166.4
13-Aug-24,14697,17PP015,3191,28426.76,0,28426.76,0
13-Aug-24,14697,FDI032,138147.41,238389.64,4726040,4964429.64,0
13-Aug-24,14697,FD492,0,244.9,0,244.9,0
13-Aug-24,14697,FDLE10,0,21721.97,0,21721.97,0
13-Aug-24,14697,09FD231,0,0,6273.17,6273.17,0
13-Aug-24,14697,FDL012,0,134597.96,0,134597.96,0
13-Aug-24,14697,07ER011,322.3,10000,0,10000,0
13-Aug-24,14697,07JSE13,491.5,38130.57,0,38130.57,0
13-Aug-24,14697,09GB177,4166.4,2425.77,0,2425.77,1740.63
13-Aug-24,14697,09GB343,333,4194.87,0,4194.87,0
13-Aug-24,14697,09GB261,4166.4,0,0,0,4166.4
13-Aug-24,14697,09GB268,2347.39,16315.8,0,16315.8,0
13-Aug-24,14697,FD645,0,1061.84,0,1061.84,0
13-Aug-24,14697,FD471,0,1409952.44,0,1409952.44,0
13-Aug-24,14697,01MH001,0,0,84830.1,84830.1,0
13-Aug-24,14697,07EA006,0,0,8035.2,8035.2,0
13-Aug-24,14697,07HD061,0,219.84,0,219.84,0
13-Aug-24,14697,09FD249,0,1017.99,0,1017.99,0
13-Aug-24,14697,07CR123,0,251252.4,0,251252.4,0
13-Aug-24,14697,07FN062,0,668691,1161560,1830251,0
13-Aug-24,14697,07IDE17,0,11059.43,326138.85,337198.28,0
13-Aug-24,14697,07JO005,0,6482.5,0,6482.5,0
13-Aug-24,14697,09GB354,4282.56,0,0,0,4282.56
13-Aug-24,14697,09GB015,0,23614.7,0,23614.7,0
13-Aug-24,14697,11AA063,0,1587.37,0,1587.37,0
13-Aug-24,14697,01AXE47,68.97,1045.11,0,1045.11,0
13-Aug-24,14697,09GB292,4166.4,2425.77,0,2425.77,1740.63
13-Aug-24,14697,09GB344,333,6921.28,0,6921.28,0
13-Aug-24,14697,09GB016,4166.4,190282.86,0,190282.86,0
13-Aug-24,14697,01AT330,0,62058.79,0,62058.79,0
13-Aug-24,14697,08FD012,0,62.21,0,62.21,0
13-Aug-24,14697,01KR019,0,5000,0,5000,0
13-Aug-24,14697,01ATE09,0,14649.92,0,14649.92,0
13-Aug-24,14697,09FD209,0,0,33260.81,33260.81,0
13-Aug-24,14697,07FD404,0,48432.07,0,48432.07,0
13-Aug-24,14697,07JOE04,0,1467.47,0,1467.47,0
13-Aug-24,14697,FD623,0,0,418904,418904,0
13-Aug-24,14697,09GB041,0,14545.92,0,14545.92,0
13-Aug-24,14697,07FT018,0,385.13,0,385.13,0
13-Aug-24,14697,FD337,0,2313.18,476650.28,478963.46,0
13-Aug-24,14697,09GB295,0,15861.36,0,15861.36,0
13-Aug-24,14697,09GB097,2347.4,15189.97,0,15189.97,0
13-Aug-24,14697,07GV010,0,170.26,0,170.26,0
13-Aug-24,14697,07FT014,0,121868.17,0,121868.17,0
13-Aug-24,14697,FDI001,0,990.09,0,990.09,0
13-Aug-24,14697,01MJE16,0,3149542.49,0,3149542.49,0
13-Aug-24,14697,07JO006,0,33492.55,0,33492.55,0
13-Aug-24,14697,09CK060,0,91.06,0,91.06,0
13-Aug-24,14697,JLD067,0,351,0,351,0
13-Aug-24,14697,07HN003,0,486.53,0,486.53,0
13-Aug-24,14697,01CFAK6,0,147316.91,0,147316.91,0
13-Aug-24,14697,FD852,0,22.05,0,22.05,0
13-Aug-24,14697,09GD020,333.4,16299.91,0,16299.91,0
13-Aug-24,14697,01AT409,5770,39997.69,0,39997.69,0
13-Aug-24,14697,09GDMK02,0,2072.99,0,2072.99,0
13-Aug-24,14697,09GB235,0,377.89,0,377.89,0
13-Aug-24,14697,07BH024,0,39.68,0,39.68,0
13-Aug-24,14697,07HD028,0,1495.36,0,1495.36,0
13-Aug-24,14697,14FD060,0,181781.92,0,181781.92,0
13-Aug-24,14697,09PK043,0,515.08,0,515.08,0
13-Aug-24,14697,09GDAR01,0,3089.58,0,3089.58,0
13-Aug-24,14697,09GB280,0,30241.89,0,30241.89,0
13-Aug-24,14697,07IHE01,0,73.86,0,73.86,0
13-Aug-24,14697,01AX023,0,178724.61,0,178724.61,0
13-Aug-24,14697,FD047,0,1315526,0,1315526,0
13-Aug-24,14697,07EM086,0,0.6,0,0.6,0
13-Aug-24,14697,09HS058,0,2490.36,0,2490.36,0
13-Aug-24,14697,FDE839,0,99.44,0,99.44,0
13-Aug-24,14697,01HF002,0,17315.52,0,17315.52,0
13-Aug-24,14697,01GB007,0,145812.06,0,145812.06,0
13-Aug-24,14697,07HDE08,0,6402.42,0,6402.42,0
13-Aug-24,14697,09GB322,0,11404.04,0,11404.04,0
13-Aug-24,14697,01AT422,0,2.42,0,2.42,0
13-Aug-24,14697,07ALJL,971.02,749.13,0,749.13,221.89
13-Aug-24,14697,09GB341,333,6845.37,0,6845.37,0
13-Aug-24,14697,09GB255,2367.65,15413.14,0,15413.14,0
13-Aug-24,14697,09GB101,4384,0,0,0,4384
13-Aug-24,14697,07FN006,1877.6,100453.97,1864958.88,1965412.85,0
13-Aug-24,14697,09GB034,4166.4,2494.82,0,2494.82,1671.58
13-Aug-24,14697,09GB252,2858.84,15000,0,15000,0
13-Aug-24,14697,FD1082,8403,105501.32,0,105501.32,0
13-Aug-24,14697,09GB283,2347.39,15000,0,15000,0
13-Aug-24,14697,09GDND01,4166.4,52579.54,0,52579.54,0
13-Aug-24,14697,09GB272,0,15752.55,0,15752.55,0
13-Aug-24,14697,09PK229,0,3122.84,0,3122.84,0
13-Aug-24,14697,01BW016,0,0.4,0,0.4,0
13-Aug-24,14697,09PK057,0,39288.79,0,39288.79,0
13-Aug-24,14697,02PK083,0,39.44,0,39.44,0
13-Aug-24,14697,07HD021,0,912.95,0,912.95,0
13-Aug-24,14697,01AT027,0,1113.92,0,1113.92,0
13-Aug-24,14697,01BW006,0,31319.32,0,31319.32,0
13-Aug-24,14697,FD534,0,21904.87,0,21904.87,0
13-Aug-24,14697,09HS015,0,10343.06,0,10343.06,0
13-Aug-24,14697,FDE730,0,6977.1,0,6977.1,0
13-Aug-24,14697,FDE845,18124.63,105818.97,0,105818.97,0
13-Aug-24,14697,09GB005,4386.56,0,0,0,4386.56
13-Aug-24,14697,07HD012,22292,113117.41,0,113117.41,0
13-Aug-24,14697,01CFAK24,62775,0,0,0,62775
13-Aug-24,14697,09GB363,6416.33,0,0,0,6416.33
13-Aug-24,14697,07BT015,16420,179118.17,0,179118.17,0
13-Aug-24,14697,11AD001,7181.09,29809.07,0,29809.07,0
13-Aug-24,14697,09GB325,1994,15000,0,15000,0
13-Aug-24,14697,01BL002,9207,46594.26,0,46594.26,0
13-Aug-24,14697,09PK109,4166.4,2848.77,0,2848.77,1317.63
13-Aug-24,14697,FD734,0,1913.27,0,1913.27,0
13-Aug-24,14697,09GB025,0,3025.49,0,3025.49,0
13-Aug-24,14697,01FYE01,0,101.4,0,101.4,0
13-Aug-24,14697,09GB148,2546.7,15000,0,15000,0
13-Aug-24,14697,17FD035,0,0,41040.72,41040.72,0
13-Aug-24,14697,01AT329,0,17731.87,0,17731.87,0
13-Aug-24,14697,01FK090,0,723.3,44240.74,44964.04,0
13-Aug-24,14697,07IR013,0,35.29,0,35.29,0
13-Aug-24,14697,07BT003,0,1659.77,0,1659.77,0
13-Aug-24,14697,07EM071,0,121102.97,0,121102.97,0
13-Aug-24,14697,01DCE02,0,8.62,0,8.62,0
13-Aug-24,14697,09GB043,333,4157.71,0,4157.71,0
13-Aug-24,14697,09GB087,4365.44,0,0,0,4365.44
13-Aug-24,14697,09GB191,0,3080.5,0,3080.5,0
13-Aug-24,14697,11AA119,0,44.35,0,44.35,0
13-Aug-24,14697,09HS1111,0,1952.01,0,1952.01,0
13-Aug-24,14697,07ELE45,0,686.06,0,686.06,0
13-Aug-24,14697,07FD416,0,1778.93,0,1778.93,0
13-Aug-24,14697,11AA035,0,8.82,0,8.82,0
13-Aug-24,14697,11AD012,0,338.84,0,338.84,0
13-Aug-24,14697,JLD169,0,351,0,351,0
13-Aug-24,14697,FD468,150833.3,0,2763412.61,2763412.61,0
13-Aug-24,14697,09GD064,4166.4,0,0,0,4166.4
13-Aug-24,14697,09GB170,4166.4,0,0,0,4166.4
13-Aug-24,14697,09HS078,6949.8,36508.51,0,36508.51,0
13-Aug-24,14697,09PK222,4166.4,681.28,0,681.28,3485.12
13-Aug-24,14697,09GB253,0,30414.69,0,30414.69,0
13-Aug-24,14697,FD481,0,15324.57,0,15324.57,0
13-Aug-24,14697,09GB246,0,14461.11,0,14461.11,0
13-Aug-24,14697,01DME07,0,2497526.36,0,2497526.36,0
13-Aug-24,14697,FD286,0,21486.52,0,21486.52,0
13-Aug-24,14697,07FN012,0,165.14,0,165.14,0
13-Aug-24,14697,07EM034,0,0,516467.44,516467.44,0
13-Aug-24,14697,09GB157,0,14536.7,0,14536.7,0
13-Aug-24,14697,17PP002,0,58.31,0,58.31,0
13-Aug-24,14697,07CL013,0,5899.5,0,5899.5,0
13-Aug-24,14697,01FG002,0,26.95,0,26.95,0
13-Aug-24,14697,01BUE2,0,52004.43,0,52004.43,0
13-Aug-24,14697,01GB001,0,94.74,0,94.74,0
13-Aug-24,14697,11AA066,0,6177.66,0,6177.66,0
13-Aug-24,14697,01FK101,0,348.1,0,348.1,0
13-Aug-24,14697,01AT423,0,484.49,0,484.49,0
13-Aug-24,14697,01BWE03,0,6061.11,0,6061.11,0
13-Aug-24,14697,AHME78,0,516688.04,0,516688.04,0
13-Aug-24,14697,FDE829,217.76,301.98,0,301.98,0
13-Aug-24,14697,09GB350,332.8,21356.05,0,21356.05,0
13-Aug-24,14697,01CB002,8237.73,0,393644.93,393644.93,0
13-Aug-24,14697,09GB176,4166.4,0,0,0,4166.4
13-Aug-24,14697,AHM3E20,57677.45,85164.69,24314,109478.69,0
13-Aug-24,14697,09GB077,333.4,15541.97,0,15541.97,0
13-Aug-24,14697,09GB345,332.91,17325.42,0,17325.42,0
13-Aug-24,14697,09GD012,333.4,16291.45,0,16291.45,0
13-Aug-24,14697,FD050,8918.63,17061.1,0,17061.1,0
13-Aug-24,14697,AHM3E8,24408.45,47282.58,8965.7,56248.28,0
13-Aug-24,14697,07EM065,0,52481.97,0,52481.97,0
13-Aug-24,14697,FD196,0,0,42668,42668,0
13-Aug-24,14697,09HS092,0,2756.35,0,2756.35,0
13-Aug-24,14697,FD446,0,222661.49,0,222661.49,0
13-Aug-24,14697,FDE724,0,7035230.33,0,7035230.33,0
13-Aug-24,14697,09GD065,0,4815.94,0,4815.94,0
13-Aug-24,14697,09GB153,333,4152.39,0,4152.39,0
13-Aug-24,14697,09GB168,2369.46,13451.24,0,13451.24,0
13-Aug-24,14697,09GB352,4659.4,7882.36,0,7882.36,0
13-Aug-24,14697,FDL011,0,205.68,0,205.68,0
13-Aug-24,14697,07FU006,0,7.67,0,7.67,0
13-Aug-24,14697,07EM097,0,16262.42,0,16262.42,0
13-Aug-24,14697,FD022,0,0,257413.59,257413.59,0
13-Aug-24,14697,FDE834,0,79484.16,0,79484.16,0
13-Aug-24,14697,FDE814,0,1.28,0,1.28,0
13-Aug-24,14697,AH3E2,0,5000,0,5000,0
13-Aug-24,14697,07FN032,0,0,6638816.73,6638816.73,0
13-Aug-24,14697,01BW007,0,19729.07,0,19729.07,0
13-Aug-24,14697,17BE001,0,0,40165.47,40165.47,0
13-Aug-24,14697,01AT041,0,69451.88,0,69451.88,0
13-Aug-24,14697,03FD157,0,880,0,880,0
13-Aug-24,14697,09GD001,0,189.92,0,189.92,0
13-Aug-24,14697,01FK037,0,37484.21,0,37484.21,0
13-Aug-24,14697,07FN041,0,625568.71,0,625568.71,0
13-Aug-24,14697,07HDE05,0,1569.75,0,1569.75,0
13-Aug-24,14697,01AT312,0,276821.42,0,276821.42,0
13-Aug-24,14697,FD189,0,144170.66,0,144170.66,0
13-Aug-24,14697,01CNE07,4166.4,0,0,0,4166.4
13-Aug-24,14697,09GB239,0,14735.44,0,14735.44,0
13-Aug-24,14697,07EM085,0,20.63,0,20.63,0
13-Aug-24,14697,01AT442,0,629.27,0,629.27,0
13-Aug-24,14697,07ELE46,0,12979.54,0,12979.54,0
13-Aug-24,14697,07AV001,0,12250.84,0,12250.84,0
13-Aug-24,14697,01SK004,0,682599.87,0,682599.87,0
13-Aug-24,14697,01CNE23,0,817.55,0,817.55,0
13-Aug-24,14697,09HS055,0,42670.93,0,42670.93,0
13-Aug-24,14697,07FN035,0,0,240385.56,240385.56,0
13-Aug-24,14697,07EM045,0,0,1568788.91,1568788.91,0
13-Aug-24,14697,09HS086,0,1390.11,0,1390.11,0
13-Aug-24,14697,09GB169,2367.45,13451.24,0,13451.24,0
13-Aug-24,14697,09GB076,4166.4,14735.44,0,14735.44,0
13-Aug-24,14697,01AT403,28076.18,150212.28,0,150212.28,0
13-Aug-24,14697,09GB111,0,30956.6,0,30956.6,0
13-Aug-24,14697,09PK048,0,17193.27,0,17193.27,0
13-Aug-24,14697,09PK243,0,11196.33,0,11196.33,0
13-Aug-24,14697,07BC007,0,499.49,0,499.49,0
13-Aug-24,14697,01CG52,0,10307.93,0,10307.93,0
13-Aug-24,14697,09HS049,0,24447.12,0,24447.12,0
13-Aug-24,14697,FDE697,0,1740.82,0,1740.82,0
13-Aug-24,14697,09PK018,2369.51,13484.28,0,13484.28,0
13-Aug-24,14697,09GDPB01,0,20408.52,0,20408.52,0
13-Aug-24,14697,09PK221,0,717.24,0,717.24,0
13-Aug-24,14697,09GDGD01,0,3099.02,0,3099.02,0
13-Aug-24,14697,07BT006,0,558.44,0,558.44,0
13-Aug-24,14697,01CNE06,0,544.77,0,544.77,0
13-Aug-24,14697,01MJE10,0,7122196.81,0,7122196.81,0
13-Aug-24,14697,07IDE62,0,194.15,0,194.15,0
13-Aug-24,14697,01FGE02,0,12.49,0,12.49,0
13-Aug-24,14697,FDE527,0,7282.98,0,7282.98,0
13-Aug-24,14697,01AXE02,0,23664.82,0,23664.82,0
13-Aug-24,14697,01AT300,0,22.1,0,22.1,0
13-Aug-24,14697,07EM106,0,150000,0,150000,0
13-Aug-24,14697,09GDKP01,4166.4,3119.85,0,3119.85,1046.55
13-Aug-24,14697,01FK122,0,536.23,0,536.23,0
13-Aug-24,14697,07FTE03,0,60212.56,0,60212.56,0
13-Aug-24,14697,01DNE01,0,14.27,0,14.27,0
13-Aug-24,14697,09FD151,0,53.55,0,53.55,0
13-Aug-24,14697,07EM050,0,483.66,0,483.66,0
13-Aug-24,14697,07EN003,0,351,0,351,0
13-Aug-24,14697,07CR015,0,197.64,0,197.64,0
13-Aug-24,14697,07FD149,0,367.41,0,367.41,0
13-Aug-24,14697,01CFG20,0,247727.17,0,247727.17,0
13-Aug-24,14697,AHME81,18148.14,365995.8,0,365995.8,0
13-Aug-24,14697,09GB298,2347.39,15181.51,0,15181.51,0
13-Aug-24,14697,09OM003,4356.8,16677.07,0,16677.07,0
13-Aug-24,14697,11AD025,4379.51,4124.97,0,4124.97,254.54
13-Aug-24,14697,09FDNE01,7026.5,0,7405.08,7405.08,0
13-Aug-24,14697,07IR007,2263.45,3207.2,0,3207.2,0
13-Aug-24,14697,09PK081,4359.51,0,0,0,4359.51
13-Aug-24,14697,01BM029,0,11.01,0,11.01,0
13-Aug-24,14697,09GB092,0,20.63,0,20.63,0
13-Aug-24,14697,09PK223,0,140412.46,0,140412.46,0
13-Aug-24,14697,07FD047,0,10,0,10,0
13-Aug-24,14697,01AT146,0,1210.58,0,1210.58,0
13-Aug-24,14697,FD431,0,382772.59,0,382772.59,0
13-Aug-24,14697,09FD102,0,223.8,0,223.8,0
13-Aug-24,14697,11AD003,0,18667.48,0,18667.48,0
13-Aug-24,14697,07HD047,0,18993.33,0,18993.33,0
13-Aug-24,14697,11AD021,0,2253.62,0,2253.62,0
13-Aug-24,14697,07GV007,0,2022.24,0,2022.24,0
13-Aug-24,14697,01AT433,0,30257.78,0,30257.78,0
13-Aug-24,14697,08RA007,0,206.26,0,206.26,0
13-Aug-24,14697,07FD428,0,15767.43,0,15767.43,0
13-Aug-24,14697,09PK232,0,5322.03,0,5322.03,0
13-Aug-24,14697,FD794,0,2665.23,0,2665.23,0
13-Aug-24,14697,12FD007,0,343.83,0,343.83,0
13-Aug-24,14697,09HS097,0,0,1953.6,1953.6,0
13-Aug-24,14697,07GV006,0,12517.07,0,12517.07,0
13-Aug-24,14697,03AK048,0,3732.88,0,3732.88,0
13-Aug-24,14697,AHM3E5,0,0,10777.86,10777.86,0
13-Aug-24,14697,07FT039,0,39587.03,0,39587.03,0
13-Aug-24,14697,07ADE02,0,84386,0,84386,0
13-Aug-24,14697,09GB198,0,2425.77,0,2425.77,0
13-Aug-24,14697,09PK214,0,206269.25,0,206269.25,0
13-Aug-24,14697,09PK215,0,184817.08,0,184817.08,0
13-Aug-24,14697,09HS167,0,0.61,0,0.61,0
13-Aug-24,14697,01CF52,0,24589.73,0,24589.73,0
13-Aug-24,14697,01AT051,0,86109.57,0,86109.57,0
13-Aug-24,14697,FD862,0,0,168607.92,168607.92,0
13-Aug-24,14697,07BT008,0,33.73,0,33.73,0
13-Aug-24,14697,07ID007,0,78.82,0,78.82,0
13-Aug-24,14697,07EM035,0,0,182586.75,182586.75,0
13-Aug-24,14697,01FK036,0,9802.79,0,9802.79,0
13-Aug-24,14697,FDE491,0,340.15,0,340.15,0
13-Aug-24,14697,09GDKI01,4166.4,684.27,0,684.27,3482.13
13-Aug-24,14697,09GB072,4816.56,5000,0,5000,0
13-Aug-24,14697,FD1081,49114.52,773962.1,0,773962.1,0
13-Aug-24,14697,07EM024,7828,78496.66,249800.36,328297.02,0
13-Aug-24,14697,FD766,63670.88,709998.56,0,709998.56,0
13-Aug-24,14697,09GB221,0,14461.11,0,14461.11,0
13-Aug-24,14697,09GDHU01,0,510.26,0,510.26,0
13-Aug-24,14697,09GB260,0,14735.44,0,14735.44,0
13-Aug-24,14697,07FT021,0,327.79,0,327.79,0
13-Aug-24,14697,07FD367,0,8727.65,0,8727.65,0
13-Aug-24,14697,07FD260,0,1900.48,0,1900.48,0
13-Aug-24,14697,FDE850,0,7254.89,0,7254.89,0
13-Aug-24,14697,FDE721,2000.31,10088.97,0,10088.97,0
13-Aug-24,14697,09GDLR01,4166.4,2936.94,0,2936.94,1229.46
13-Aug-24,14697,09GD007,2347.4,15190.27,0,15190.27,0
13-Aug-24,14697,01CFAK8,4166.4,23752.91,0,23752.91,0
13-Aug-24,14697,07ER001,646.34,449.24,0,449.24,197.1
13-Aug-24,14697,09PK040,4166.4,2224.48,0,2224.48,1941.92
13-Aug-24,14697,FDE626,224766.09,102757.35,368600.24,471357.59,0
13-Aug-24,14697,09PK096,4301.44,0,0,0,4301.44
13-Aug-24,14697,09GB220,4166.4,14457.43,0,14457.43,0
13-Aug-24,14697,09PK030,0,683.72,0,683.72,0
13-Aug-24,14697,07CQ005,0,0,50487.22,50487.22,0
13-Aug-24,14697,14FD006,0,547.59,0,547.59,0
13-Aug-24,14697,11AA055,0,6640.07,0,6640.07,0
13-Aug-24,14697,01MJE07,0,459300,0,459300,0
13-Aug-24,14697,03AK035,0,194.2,0,194.2,0
13-Aug-24,14697,09GB013,4166.4,3159.76,0,3159.76,1006.64
13-Aug-24,14697,09GD014,2347.4,15181.41,0,15181.41,0
13-Aug-24,14697,09GB231,0,14735.44,0,14735.44,0
13-Aug-24,14697,JLD293,0,2455.86,0,2455.86,0
13-Aug-24,14697,07DW097,7954,70119.65,0,70119.65,0
13-Aug-24,14697,AHME83,0,2883.03,0,2883.03,0
13-Aug-24,14697,FDE632,0,12650.73,0,12650.73,0
13-Aug-24,14697,FDE678,0,305.17,0,305.17,0
13-Aug-24,14697,07EM104,0,63.53,0,63.53,0
13-Aug-24,14697,07DWE52,0,9848.9,0,9848.9,0
13-Aug-24,14697,FDE645,0,68789.34,50951.32,119740.66,0
13-Aug-24,14697,09GB306,0,692.5,0,692.5,0
13-Aug-24,14697,09GB054,0,3924.77,0,3924.77,0
13-Aug-24,14697,08RA002,0,959.57,0,959.57,0
13-Aug-24,14697,07FT006,0,489.95,0,489.95,0
13-Aug-24,14697,01AT060,0,2690.49,0,2690.49,0
13-Aug-24,14697,FDE469,0,18564.5,0,18564.5,0
13-Aug-24,14697,09VA001,0,38.7,0,38.7,0
13-Aug-24,14697,FD881,0,47454.93,0,47454.93,0
13-Aug-24,14697,09PK140,0,23363.35,0,23363.35,0
13-Aug-24,14697,09GB245,0,1399.31,0,1399.31,0
13-Aug-24,14697,09GDPK02,0,17.5,0,17.5,0
13-Aug-24,14697,09HS145,0,63.91,0,63.91,0
13-Aug-24,14697,01FG016,0,1786.55,0,1786.55,0
13-Aug-24,14697,FD712,0,4995.91,0,4995.91,0
13-Aug-24,14697,07AV017,0,1.7,497747.54,497749.24,0
13-Aug-24,14697,07EM021,0,393517.07,1530588.31,1924105.38,0
13-Aug-24,14697,03FD129,0,224199.96,0,224199.96,0
13-Aug-24,14697,03AM005,0,4539.19,1031786.27,1036325.46,0
13-Aug-24,14697,09CK057,0,785.28,0,785.28,0
13-Aug-24,14697,07FN056,0,81771.73,0,81771.73,0
13-Aug-24,14697,09PK135,4166.4,2390.1,0,2390.1,1776.3
13-Aug-24,14697,07IR012,1514.3,15131.98,0,15131.98,0
13-Aug-24,14697,09PK118,2019,14424.25,0,14424.25,0
13-Aug-24,14697,FD641,2680,0,0,0,2680
13-Aug-24,14697,11AA103,729.02,3836.78,0,3836.78,0
13-Aug-24,14697,01FK115,138495,714839.3,0,714839.3,0
13-Aug-24,14697,07BW029,20520.74,2278.94,145173.02,147451.96,0
13-Aug-24,14697,01BU007,0,0,65382.24,65382.24,0
13-Aug-24,14697,09PK220,0,3777.69,0,3777.69,0
13-Aug-24,14697,09GB062,0,2425.77,0,2425.77,0
13-Aug-24,14697,01FK094,0,63644.14,0,63644.14,0
13-Aug-24,14697,09GB234,0,384.11,0,384.11,0
13-Aug-24,14697,07EM070,0,493.32,0,493.32,0
13-Aug-24,14697,07CL009,0,985.08,0,985.08,0
13-Aug-24,14697,09PK015,0,194169.71,0,194169.71,0
13-Aug-24,14697,09GB106,0,1263.4,0,1263.4,0
13-Aug-24,14697,09GB233,0,5827.6,0,5827.6,0
13-Aug-24,14697,A1BA139,0,24998.76,0,24998.76,0
13-Aug-24,14697,07DM002,0,14748.11,0,14748.11,0
13-Aug-24,14697,FDE638,0,2101.67,0,2101.67,0
13-Aug-24,14697,11AA038,309.7,9504.06,0,9504.06,0
13-Aug-24,14697,FDE699,13492,0,67342,67342,0
13-Aug-24,14697,09GB040,333,4164.49,0,4164.49,0
13-Aug-24,14697,01CNE75,4166.4,0,0,0,4166.4
13-Aug-24,14697,01CFAK23,63320,0,0,0,63320
13-Aug-24,14697,09HS159,1210.09,1440.36,0,1440.36,0
13-Aug-24,14697,07IR006,524.4,2640.09,0,2640.09,0
13-Aug-24,14697,09GB278,4166.4,0,0,0,4166.4
13-Aug-24,14697,FDI010,0,381950.84,0,381950.84,0
13-Aug-24,14697,07JO002,0,123674.6,0,123674.6,0
13-Aug-24,14697,09GDZP01,0,683.32,0,683.32,0
13-Aug-24,14697,FD703,0,3602.18,0,3602.18,0
13-Aug-24,14697,AHM3E19,0,73115.9,12643.28,85759.18,0
13-Aug-24,14697,01CNE05,0,10337.37,0,10337.37,0
13-Aug-24,14697,07FN042,0,0,85567.3,85567.3,0
13-Aug-24,14697,08FDE06,0,1770.78,0,1770.78,0
13-Aug-24,14697,07DW009,0,1923.26,0,1923.26,0
13-Aug-24,14697,FD704,0,221.22,0,221.22,0
13-Aug-24,14697,09GD004,2347.4,15191.28,0,15191.28,0
13-Aug-24,14697,09GB332,332.9,4160.62,0,4160.62,0
13-Aug-24,14697,09PK245,0,14453.76,0,14453.76,0
13-Aug-24,14697,01EQ005,0,2654983.21,0,2654983.21,0
13-Aug-24,14697,FD1019,0,2154877.41,0,2154877.41,0
13-Aug-24,14697,09GB284,0,16148.95,0,16148.95,0
13-Aug-24,14697,09GDRG01,0,510.32,0,510.32,0
13-Aug-24,14697,09GB063,0,514.25,0,514.25,0
13-Aug-24,14697,07ID024,0,19486.97,0,19486.97,0
13-Aug-24,14697,07HD054,0,249.48,0,249.48,0
13-Aug-24,14697,AHME82,0,282.5,0,282.5,0
13-Aug-24,14697,01AT053,10904.98,198571.31,0,198571.31,0
13-Aug-24,14697,07DM001,14345,114796.97,0,114796.97,0
13-Aug-24,14697,JLD012,7988.3,0,0,0,7988.3
13-Aug-24,14697,09PK022,2367.45,15044.34,0,15044.34,0
13-Aug-24,14697,09PK088,4302.4,0,0,0,4302.4
13-Aug-24,14697,01AT399,0,0,25628.88,25628.88,0
13-Aug-24,14697,09GB230,0,14735.44,0,14735.44,0
13-Aug-24,14697,01FK091,0,3.3,0,3.3,0
13-Aug-24,14697,07FN039,0,4091.71,135810.24,139901.95,0
13-Aug-24,14697,07ID025,0,266.3,0,266.3,0
13-Aug-24,14697,FDE750,51600,95296.62,0,95296.62,0
13-Aug-24,14697,09GDBJ01,4352.32,0,0,0,4352.32
13-Aug-24,14697,11AD014,1327.84,8146.56,0,8146.56,0
13-Aug-24,14697,09PK079,1994,15000,0,15000,0
13-Aug-24,14697,FDIE05,0,3825.92,0,3825.92,0
13-Aug-24,14697,09GB007,0,3145.42,0,3145.42,0
13-Aug-24,14697,07FK007,0,1299.88,0,1299.88,0
13-Aug-24,14697,FD1007,0,118.04,0,118.04,0
13-Aug-24,14697,FD441,0,1068.66,0,1068.66,0
13-Aug-24,14697,07IM005,0,217479.26,0,217479.26,0
13-Aug-24,14697,09CKE01,0,32616.2,0,32616.2,0
13-Aug-24,14697,07MDE4,0,2055.09,0,2055.09,0
13-Aug-24,14697,01AT076,0,0,717.77,717.77,0
13-Aug-24,14697,09GB321,0,347.59,0,347.59,0
13-Aug-24,14697,FD873,0,0,52771.43,52771.43,0
13-Aug-24,14697,01BW010,0,115308.05,0,115308.05,0
13-Aug-24,14697,FD602,0,22.53,0,22.53,0
13-Aug-24,14697,07EM076,0,812.55,0,812.55,0
13-Aug-24,14697,03AME01,0,835.84,0,835.84,0
13-Aug-24,14697,01FK108,0,352.64,0,352.64,0
13-Aug-24,14697,07FN015,0,82891.02,455611.24,538502.26,0
13-Aug-24,14697,09GD003,60472.94,15189.3,0,15189.3,45283.64
13-Aug-24,14697,09GD015,2347.4,15189.72,0,15189.72,0
13-Aug-24,14697,09PK234,4166.4,300086.58,0,300086.58,0
13-Aug-24,14697,09GB160,4166.4,0,0,0,4166.4
13-Aug-24,14697,09PK130,2019.8,299251,0,299251,0
13-Aug-24,14697,FD848,0,29080.02,0,29080.02,0
13-Aug-24,14697,07GCE04,0,0.05,0,0.05,0
13-Aug-24,14697,17AA001,0,1412.1,0,1412.1,0
13-Aug-24,14697,07FT013,0,1049431.15,0,1049431.15,0
13-Aug-24,14697,01HC004,0,1572.12,0,1572.12,0
13-Aug-24,14697,FDE722,0,158.49,0,158.49,0
13-Aug-24,14697,07FD022,0,938.41,0,938.41,0
13-Aug-24,14697,07FN018,0,24160.58,637125.32,661285.9,0
13-Aug-24,14697,07JO007,0,114025.02,0,114025.02,0
13-Aug-24,14697,09GB281,0,14457.43,0,14457.43,0
13-Aug-24,14697,09PK094,0,20.64,0,20.64,0
13-Aug-24,14697,FD733,0,10967.65,0,10967.65,0
13-Aug-24,14697,08FD029,0,69.95,0,69.95,0
13-Aug-24,14697,07GC010,0,2141.86,0,2141.86,0
13-Aug-24,14697,03AM033,0,1524.86,0,1524.86,0
13-Aug-24,14697,FD861,0,0,39483.6,39483.6,0
13-Aug-24,14697,07FDN005,0,4207.06,0,4207.06,0
13-Aug-24,14697,07AV014,0,33227.73,0,33227.73,0
13-Aug-24,14697,07FN061,0,0,7088516.64,7088516.64,0
13-Aug-24,14697,AHM3E21,28530.3,33423.75,9725.6,43149.35,0
13-Aug-24,14697,09PK025,4166.4,681.28,0,681.28,3485.12
13-Aug-24,14697,07FTE04,0,72876.12,0,72876.12,0
13-Aug-24,14697,01FK012,0,9084.98,0,9084.98,0
13-Aug-24,14697,07EF004,0,2896.85,0,2896.85,0
13-Aug-24,14697,09HS193,0,53826.91,0,53826.91,0
13-Aug-24,14697,09PK133,0,162793.73,0,162793.73,0
13-Aug-24,14697,02PK011,0,33.04,0,33.04,0
13-Aug-24,14697,07EM095,0,47159.08,0,47159.08,0
13-Aug-24,14697,17PP011,0,38.19,0,38.19,0
13-Aug-24,14697,07EM026,0,206.98,0,206.98,0
13-Aug-24,14697,09PK036,116.49,23067.59,0,23067.59,0
13-Aug-24,14697,09GD022,2347.4,15189.97,0,15189.97,0
13-Aug-24,14697,07IR009,0,19.91,0,19.91,0
13-Aug-24,14697,08FD094,0,119.28,0,119.28,0
13-Aug-24,14697,FD290,0,1303544.02,0,1303544.02,0
13-Aug-24,14697,01GB004,0,57593.45,0,57593.45,0
13-Aug-24,14697,09GB375,0,17185.6,0,17185.6,0
13-Aug-24,14697,01AT069,0,31617.17,0,31617.17,0
13-Aug-24,14697,08FD015,0,132.16,0,132.16,0
13-Aug-24,14697,01AT416,0,344576.28,0,344576.28,0
13-Aug-24,14697,07EME20,0,50.11,0,50.11,0
13-Aug-24,14697,FD1079,0,645711.28,0,645711.28,0
13-Aug-24,14697,09GB334,0,70652.94,0,70652.94,0
13-Aug-24,14697,09GB307,0,484.42,0,484.42,0
13-Aug-24,14697,07ID001,4917,232585.21,0,232585.21,0
13-Aug-24,14697,09GB200,4166.4,2425.77,0,2425.77,1740.63
13-Aug-24,14697,08AC003,10640.55,0,0,0,10640.55
13-Aug-24,14697,01BU011,0,100979.98,0,100979.98,0
13-Aug-24,14697,07FDN010,0,14349.72,0,14349.72,0
13-Aug-24,14697,08RA005,300.74,1606.07,0,1606.07,0
13-Aug-24,14697,09GDKJ01,0,169347,0,169347,0
13-Aug-24,14697,09GB165,0,15860.36,0,15860.36,0
13-Aug-24,14697,01AT145,0,22.43,0,22.43,0
13-Aug-24,14697,FD1004,0,17495578.96,0,17495578.96,0
13-Aug-24,14697,FD067,0,495.57,0,495.57,0
13-Aug-24,14697,01AH013,0,0,11118846.2,11118846.2,0
